No.,Pos.,Player,Date of birth (age),Caps,Club,Country
1,GK,Cláudio Taffarel,8 May 1966 (aged 32),94,Atlético Mineiro,Brazil
2,DF,Cafu,7 June 1970 (aged 28),64,Roma,Brazil
3,DF,Aldair,30 November 1965 (aged 32),66,Roma,Brazil
4,DF,Júnior Baiano,14 March 1970 (aged 28),17,Flamengo,Brazil
5,MF,César Sampaio,31 March 1968 (aged 30),34,Yokohama Flügels,Brazil
6,DF,Roberto Carlos,10 April 1973 (aged 25),46,Real Madrid,Brazil
7,MF,Giovanni,4 February 1972 (aged 26),14,Barcelona,Brazil
8,MF,Dunga (captain),31 October 1963 (aged 34),84,Júbilo Iwata,Brazil
9,FW,Ronaldo,22 September 1976 (aged 21),37,Inter Milan,Brazil
10,MF,Rivaldo,19 April 1972 (aged 26),15,Barcelona,Brazil
11,MF,Emerson,4 April 1976 (aged 22),3,Bayer Leverkusen,Brazil
12,GK,Carlos Germano,14 August 1970 (aged 27),9,Vasco da Gama,Brazil
13,DF,Zé Carlos,14 November 1968 (aged 29),0,São Paulo,Brazil
14,DF,Marcelo Gonçalves,22 February 1966 (aged 32),22,Botafogo,Brazil
15,DF,André Cruz,20 September 1968 (aged 29),31,Milan,Brazil
16,MF,Zé Roberto,6 July 1974 (aged 23),20,Flamengo,Brazil
17,MF,Doriva,28 May 1972 (aged 26),11,Porto,Brazil
18,MF,Leonardo,5 September 1969 (aged 28),45,Milan,Brazil
19,MF,Denílson,24 August 1977 (aged 20),26,São Paulo,Brazil
20,FW,Bebeto,16 February 1964 (aged 34),68,Botafogo,Brazil
21,FW,Edmundo,2 April 1971 (aged 27),33,Fiorentina,Brazil
22,GK,Dida,7 October 1973 (aged 24),15,Cruzeiro,Brazil
1,GK,Abdelkader El Brazi,5 November 1964 (aged 33),37,FAR Rabat,Morocco
2,DF,Abdelilah Saber,21 April 1974 (aged 24),25,Sporting CP,Morocco
3,DF,Abdelkrim El Hadrioui,6 March 1972 (aged 26),59,Benfica,Morocco
4,DF,Youssef Rossi,28 June 1973 (aged 24),20,Rennes,Morocco
5,DF,Smahi Triki,1 August 1967 (aged 30),16,Lausanne,Morocco
6,DF,Noureddine Naybet (captain),10 February 1970 (aged 28),91,Deportivo La Coruña,Morocco
7,MF,Mustapha Hadji,16 November 1971 (aged 26),42,Deportivo La Coruña,Morocco
8,MF,Saïd Chiba,18 September 1970 (aged 27),23,Compostela,Morocco
9,FW,Abdeljalil Hadda,21 March 1972 (aged 26),11,Club Africain,Morocco
10,FW,Abderrahim Ouakili,11 December 1970 (aged 27),8,1860 Munich,Morocco
11,MF,Ali Elkhattabi,17 January 1977 (aged 21),6,Heerenveen,Morocco
12,GK,Driss Benzekri,31 December 1970 (aged 27),6,RS Settat,Morocco
13,DF,Rachid Neqrouz,10 April 1972 (aged 26),13,Bari,Morocco
14,FW,Salaheddine Bassir,5 September 1972 (aged 25),26,Deportivo La Coruña,Morocco
15,DF,Lahcen Abrami,31 December 1969 (aged 28),41,Wydad Casablanca,Morocco
16,MF,Rachid Azzouzi,10 January 1971 (aged 27),35,Greuther Fürth,Morocco
17,MF,Gharib Amzine,3 May 1973 (aged 25),2,Mulhouse,Morocco
18,MF,Youssef Chippo,10 May 1973 (aged 25),20,Porto,Morocco
19,DF,Jamal Sellami,6 October 1970 (aged 27),0,Raja Casablanca,Morocco
20,DF,Tahar El Khalej,16 June 1968 (aged 29),54,Benfica,Morocco
21,FW,Rachid Rokki,8 November 1974 (aged 23),2,Chabab Mohammédia,Morocco
22,GK,Mustapha Chadili,14 February 1973 (aged 25),0,Raja Casablanca,Morocco
1,GK,Frode Grodås (captain),24 October 1964 (aged 33),39,Tottenham Hotspur,Norway
2,DF,Gunnar Halle,11 August 1965 (aged 32),60,Leeds United,Norway
3,DF,Ronny Johnsen,10 June 1969 (aged 29),33,Manchester United,Norway
4,DF,Henning Berg,1 September 1969 (aged 28),52,Manchester United,Norway
5,DF,Stig Inge Bjørnebye,11 December 1969 (aged 28),62,Liverpool,Norway
6,MF,Ståle Solbakken,27 February 1968 (aged 30),34,AaB,Norway
7,MF,Erik Mykland,21 July 1971 (aged 26),54,Panathinaikos,Norway
8,MF,Øyvind Leonhardsen,17 August 1970 (aged 27),55,Liverpool,Norway
9,FW,Tore André Flo,15 June 1973 (aged 24),25,Chelsea,Norway
10,MF,Kjetil Rekdal,6 November 1968 (aged 29),66,Hertha BSC,Norway
11,MF,Mini Jakobsen,8 November 1965 (aged 32),64,Rosenborg,Norway
12,GK,Thomas Myhre,16 October 1973 (aged 24),1,Everton,Norway
13,GK,Espen Baardsen,7 December 1977 (aged 20),1,Tottenham Hotspur,Norway
14,DF,Vegard Heggem,13 July 1975 (aged 22),1,Rosenborg,Norway
15,DF,Dan Eggen,13 January 1970 (aged 28),13,Celta Vigo,Norway
16,FW,Jostein Flo,3 October 1964 (aged 33),44,Strømsgodset,Norway
17,FW,Håvard Flo,4 April 1970 (aged 28),9,Werder Bremen,Norway
18,FW,Egil Østenstad,2 January 1972 (aged 26),14,Southampton,Norway
19,DF,Erik Hoftun,3 March 1969 (aged 29),1,Rosenborg,Norway
20,FW,Ole Gunnar Solskjær,26 February 1973 (aged 25),14,Manchester United,Norway
21,DF,Vidar Riseth,21 April 1972 (aged 26),4,LASK,Norway
22,MF,Roar Strand,2 February 1970 (aged 28),5,Rosenborg,Norway
1,GK,Jim Leighton,24 July 1958 (aged 39),86,Aberdeen,Scotland
2,MF,Jackie McNamara,24 October 1973 (aged 24),6,Celtic,Scotland
3,DF,Tom Boyd,24 November 1965 (aged 32),55,Celtic,Scotland
4,DF,Colin Calderwood,20 January 1965 (aged 33),28,Tottenham Hotspur,Scotland
5,DF,Colin Hendry (captain),7 December 1965 (aged 32),32,Blackburn Rovers,Scotland
6,DF,Tosh McKinlay,3 December 1964 (aged 33),19,Celtic,Scotland
7,FW,Kevin Gallacher,23 November 1966 (aged 31),36,Blackburn Rovers,Scotland
8,MF,Craig Burley,24 September 1971 (aged 26),25,Celtic,Scotland
9,FW,Gordon Durie,6 December 1965 (aged 32),40,Rangers,Scotland
10,FW,Darren Jackson,25 July 1966 (aged 31),24,Celtic,Scotland
11,MF,John Collins,31 January 1968 (aged 30),49,Monaco,Scotland
12,GK,Neil Sullivan,24 February 1970 (aged 28),3,Wimbledon,Scotland
13,FW,Simon Donnelly,1 December 1974 (aged 23),8,Celtic,Scotland
14,MF,Paul Lambert,7 August 1969 (aged 28),12,Celtic,Scotland
15,MF,Scot Gemmill,2 January 1971 (aged 27),13,Nottingham Forest,Scotland
16,DF,David Weir,10 May 1970 (aged 28),5,Heart of Midlothian,Scotland
17,MF,Billy McKinlay,22 April 1969 (aged 29),25,Blackburn Rovers,Scotland
18,DF,Matt Elliott,1 November 1968 (aged 29),3,Leicester City,Scotland
19,DF,Derek Whyte,31 August 1968 (aged 29),11,Aberdeen,Scotland
20,FW,Scott Booth,16 December 1971 (aged 26),16,FC Utrecht,Scotland
21,GK,Jonathan Gould,18 July 1968 (aged 29),0,Celtic,Scotland
22,DF,Christian Dailly,23 October 1973 (aged 24),10,Derby County,Scotland
1,GK,Michael Konsel,6 March 1962 (aged 36),40,Roma,Austria
2,MF,Markus Schopp,22 February 1974 (aged 24),18,Sturm Graz,Austria
3,DF,Peter Schöttel,26 March 1967 (aged 31),54,Rapid Wien,Austria
4,DF,Anton Pfeffer,17 August 1965 (aged 32),56,Austria Wien,Austria
5,DF,Wolfgang Feiersinger,30 January 1965 (aged 33),39,Borussia Dortmund,Austria
6,DF,Walter Kogler,12 December 1967 (aged 30),22,Cannes,Austria
7,FW,Mario Haas,16 September 1974 (aged 23),5,Sturm Graz,Austria
8,MF,Heimo Pfeifenberger,29 December 1966 (aged 31),37,Werder Bremen,Austria
9,FW,Ivica Vastić,29 September 1969 (aged 28),14,Sturm Graz,Austria
10,MF,Andi Herzog,10 September 1968 (aged 29),68,Werder Bremen,Austria
11,MF,Martin Amerhauser,23 July 1974 (aged 23),2,Austria Salzburg,Austria
12,DF,Martin Hiden,11 March 1973 (aged 25),4,Leeds United,Austria
13,MF,Harald Cerny,13 September 1973 (aged 24),23,1860 Munich,Austria
14,FW,Hannes Reinmayr,23 August 1969 (aged 28),8,Sturm Graz,Austria
15,MF,Arnold Wetl,2 February 1970 (aged 28),15,Rapid Wien,Austria
16,GK,Franz Wohlfahrt,1 July 1964 (aged 33),37,VfB Stuttgart,Austria
17,MF,Roman Mählich,17 September 1971 (aged 26),10,Sturm Graz,Austria
18,MF,Peter Stöger,11 April 1966 (aged 32),59,LASK,Austria
19,FW,Toni Polster (captain),10 March 1964 (aged 34),91,1. FC Köln,Austria
20,MF,Andreas Heraf,10 September 1967 (aged 30),10,Rapid Wien,Austria
21,GK,Wolfgang Knaller,9 October 1961 (aged 36),4,Austria Wien,Austria
22,MF,Dietmar Kühbauer,4 April 1971 (aged 27),28,Real Sociedad,Austria
1,GK,Jacques Songo'o,17 March 1964 (aged 34),73,Deportivo La Coruña,Cameroon
2,DF,Joseph Elanga,2 May 1979 (aged 19),1,Tonnerre Yaoundé,Cameroon
3,DF,Pierre Womé,26 March 1979 (aged 19),28,Lucchese,Cameroon
4,DF,Rigobert Song,1 July 1976 (aged 21),30,Metz,Cameroon
5,DF,Raymond Kalla,22 April 1975 (aged 23),28,Panachaiki,Cameroon
6,DF,Pierre Njanka,15 March 1975 (aged 23),2,Olympic Mvolyé,Cameroon
7,FW,François Omam-Biyik (captain),21 May 1966 (aged 32),70,Sampdoria,Cameroon
8,MF,Didier Angibeaud,8 October 1974 (aged 23),3,Nice,Cameroon
9,FW,Alphonse Tchami,14 September 1971 (aged 26),38,Hertha BSC,Cameroon
10,FW,Patrick M'Boma,15 November 1970 (aged 27),15,Gamba Osaka,Cameroon
11,FW,Samuel Eto'o,10 March 1981 (aged 17),6,Leganés,Cameroon
12,DF,Lauren,19 January 1977 (aged 21),1,Levante,Cameroon
13,DF,Patrice Abanda,3 August 1978 (aged 19),1,Tonnerre Yaoundé,Cameroon
14,MF,Augustine Simo,18 September 1978 (aged 19),14,Saint-Étienne,Cameroon
15,MF,Joseph N'Do,28 April 1976 (aged 22),2,Cottonsport Garoua,Cameroon
16,GK,William Andem,14 June 1968 (aged 29),16,Boavista,Cameroon
17,DF,Michel Pensée,16 June 1973 (aged 24),2,Cheonan Ilhwa Chunma,Cameroon
18,FW,Samuel Ipoua,1 March 1973 (aged 25),7,Rapid Wien,Cameroon
19,MF,Marcel Mahouvé,16 January 1973 (aged 25),12,Montpellier,Cameroon
20,MF,Salomon Olembé,8 December 1980 (aged 17),8,Nantes,Cameroon
21,FW,Joseph-Désiré Job,1 December 1977 (aged 20),11,Lyon,Cameroon
22,GK,Alioum Boukar,3 January 1972 (aged 26),16,Samsunspor,Cameroon
1,GK,Nelson Tapia,22 September 1966 (aged 31),34,Universidad Católica,Chile
2,DF,Cristián Castañeda,18 September 1968 (aged 29),24,Universidad de Chile,Chile
3,DF,Ronald Fuentes,22 June 1969 (aged 28),41,Universidad de Chile,Chile
4,DF,Francisco Rojas,22 July 1974 (aged 23),12,Colo-Colo,Chile
5,DF,Javier Margas,10 May 1969 (aged 29),52,Universidad Católica,Chile
6,DF,Pedro Reyes,13 November 1972 (aged 25),24,Colo-Colo,Chile
7,MF,Nelson Parraguez,5 April 1971 (aged 27),37,Universidad Católica,Chile
8,MF,Clarence Acuña,8 February 1975 (aged 23),28,Universidad de Chile,Chile
9,FW,Iván Zamorano (captain),18 January 1967 (aged 31),42,Inter Milan,Chile
10,MF,José Luis Sierra,5 December 1968 (aged 29),31,Colo-Colo,Chile
11,FW,Marcelo Salas,24 December 1974 (aged 23),39,River Plate,Chile
12,GK,Marcelo Ramírez,29 May 1965 (aged 33),19,Colo-Colo,Chile
13,FW,Manuel Neira,12 October 1977 (aged 20),5,Colo-Colo,Chile
14,DF,Miguel Ramírez,11 June 1970 (aged 27),38,Universidad Católica,Chile
15,DF,Moisés Villarroel,12 February 1976 (aged 22),10,Santiago Wanderers,Chile
16,DF,Mauricio Aros,9 March 1976 (aged 22),4,Universidad de Chile,Chile
17,MF,Marcelo Vega,12 August 1971 (aged 26),29,MetroStars,Chile
18,MF,Luis Musrri,24 December 1969 (aged 28),27,Universidad de Chile,Chile
19,MF,Fernando Cornejo,28 January 1969 (aged 29),27,Universidad Católica,Chile
20,MF,Fabián Estay,5 October 1968 (aged 29),48,Toluca,Chile
21,FW,Rodrigo Barrera,30 March 1970 (aged 28),22,Universidad de Chile,Chile
22,GK,Carlos Tejas,4 October 1974 (aged 23),0,Coquimbo Unido,Chile
1,GK,Francesco Toldo,2 December 1971 (aged 26),6,Fiorentina,Italy
2,DF,Giuseppe Bergomi,22 December 1963 (aged 34),78,Inter Milan,Italy
3,DF,Paolo Maldini (captain),26 June 1968 (aged 29),88,Milan,Italy
4,DF,Fabio Cannavaro,13 September 1973 (aged 24),14,Parma,Italy
5,DF,Alessandro Costacurta,24 April 1966 (aged 32),54,Milan,Italy
6,DF,Alessandro Nesta,19 March 1976 (aged 22),12,Lazio,Italy
7,DF,Gianluca Pessotto,11 August 1970 (aged 27),4,Juventus,Italy
8,DF,Moreno Torricelli,23 January 1970 (aged 28),6,Juventus,Italy
9,MF,Demetrio Albertini,23 August 1971 (aged 26),57,Milan,Italy
10,FW,Alessandro Del Piero,9 November 1974 (aged 23),19,Juventus,Italy
11,MF,Dino Baggio,24 July 1971 (aged 26),46,Parma,Italy
12,GK,Gianluca Pagliuca,18 December 1966 (aged 31),34,Inter Milan,Italy
13,MF,Sandro Cois,9 June 1972 (aged 26),1,Fiorentina,Italy
14,MF,Luigi Di Biagio,3 June 1971 (aged 27),13,Roma,Italy
15,MF,Angelo Di Livio,26 July 1966 (aged 31),21,Juventus,Italy
16,MF,Roberto Di Matteo,29 May 1970 (aged 28),32,Chelsea,Italy
17,MF,Francesco Moriero,31 March 1969 (aged 29),3,Inter Milan,Italy
18,FW,Roberto Baggio,18 February 1967 (aged 31),48,Bologna,Italy
19,FW,Filippo Inzaghi,9 August 1973 (aged 24),4,Juventus,Italy
20,FW,Enrico Chiesa,29 December 1970 (aged 27),6,Parma,Italy
21,FW,Christian Vieri,12 July 1973 (aged 24),8,Atlético Madrid,Italy
22,GK,Gianluigi Buffon,28 January 1978 (aged 20),2,Parma,Italy
1,GK,Peter Schmeichel,18 November 1963 (aged 34),100,Manchester United,Denmark
2,DF,Michael Schjønberg,19 January 1967 (aged 31),28,1. FC Kaiserslautern,Denmark
3,DF,Marc Rieper,5 June 1968 (aged 30),53,Celtic,Denmark
4,DF,Jes Høgh,7 May 1966 (aged 32),37,Fenerbahçe,Denmark
5,DF,Jan Heintze,17 August 1963 (aged 34),39,Bayer Leverkusen,Denmark
6,DF,Thomas Helveg,24 June 1971 (aged 26),30,Udinese,Denmark
7,MF,Allan Nielsen,13 March 1971 (aged 27),18,Tottenham Hotspur,Denmark
8,MF,Per Frandsen,6 February 1970 (aged 28),12,Bolton Wanderers,Denmark
9,FW,Miklos Molnar,10 April 1970 (aged 28),9,Sevilla,Denmark
10,MF,Michael Laudrup (captain),15 June 1964 (aged 33),99,Ajax,Denmark
11,FW,Brian Laudrup,22 February 1969 (aged 29),77,Rangers,Denmark
12,DF,Søren Colding,2 September 1972 (aged 25),4,Brøndby,Denmark
13,DF,Jacob Laursen,6 October 1971 (aged 26),22,Derby County,Denmark
14,MF,Morten Wieghorst,25 February 1971 (aged 27),11,Celtic,Denmark
15,MF,Stig Tøfting,14 August 1969 (aged 28),4,MSV Duisburg,Denmark
16,GK,Mogens Krogh,31 October 1963 (aged 34),8,Brøndby,Denmark
17,MF,Bjarne Goldbæk,6 October 1968 (aged 29),11,Copenhagen,Denmark
18,FW,Peter Møller,23 March 1972 (aged 26),11,PSV Eindhoven,Denmark
19,FW,Ebbe Sand,19 July 1972 (aged 25),2,Brøndby,Denmark
20,DF,René Henriksen,27 August 1969 (aged 28),2,Akademisk,Denmark
21,MF,Martin Jørgensen,6 October 1975 (aged 22),4,Udinese,Denmark
22,GK,Peter Kjær,5 November 1965 (aged 32),0,Silkeborg,Denmark
1,GK,Bernard Lama,7 April 1963 (aged 35),37,Paris Saint-Germain,France
2,DF,Vincent Candela,24 October 1973 (aged 24),10,Roma,France
3,DF,Bixente Lizarazu,9 December 1969 (aged 28),32,Bayern Munich,France
4,MF,Patrick Vieira,23 June 1976 (aged 21),7,Arsenal,France
5,DF,Laurent Blanc,19 November 1965 (aged 32),68,Marseille,France
6,MF,Youri Djorkaeff,9 March 1968 (aged 30),37,Inter Milan,France
7,MF,Didier Deschamps (captain),15 October 1968 (aged 29),69,Juventus,France
8,DF,Marcel Desailly,7 September 1968 (aged 29),41,Milan,France
9,FW,Stéphane Guivarc'h,6 September 1970 (aged 27),6,Auxerre,France
10,MF,Zinedine Zidane,23 June 1972 (aged 25),33,Juventus,France
11,MF,Robert Pires,29 October 1973 (aged 24),14,Metz,France
12,FW,Thierry Henry,17 August 1977 (aged 20),3,Monaco,France
13,MF,Bernard Diomède,23 January 1974 (aged 24),6,Auxerre,France
14,MF,Alain Boghossian,27 October 1970 (aged 27),6,Sampdoria,France
15,DF,Lilian Thuram,1 January 1972 (aged 26),32,Parma,France
16,GK,Fabien Barthez,28 June 1971 (aged 26),12,Monaco,France
17,MF,Emmanuel Petit,22 September 1970 (aged 27),17,Arsenal,France
18,DF,Frank Leboeuf,22 January 1968 (aged 30),14,Chelsea,France
19,MF,Christian Karembeu,3 December 1970 (aged 27),31,Real Madrid,France
20,FW,David Trezeguet,15 October 1977 (aged 20),4,Monaco,France
21,FW,Christophe Dugarry,24 March 1972 (aged 26),23,Marseille,France
22,GK,Lionel Charbonnier,25 October 1966 (aged 31),1,Auxerre,France
1,GK,Mohamed Al-Deayea,2 August 1972 (aged 25),94,Al-Ta'ee,Saudi Arabia
2,DF,Mohammed Sheliah,28 September 1974 (aged 23),64,Al Ahli,Saudi Arabia
3,DF,Mohammed Al-Khilaiwi,1 September 1971 (aged 26),86,Al-Ittihad,Saudi Arabia
4,MF,Abdullah Sulaiman Zubromawi,15 November 1973 (aged 24),83,Al Ahli,Saudi Arabia
5,DF,Ahmed Jamil,6 January 1970 (aged 28),94,Al-Ittihad,Saudi Arabia
6,MF,Fuad Anwar,13 October 1972 (aged 25),95,Al Shabab,Saudi Arabia
7,FW,Ibrahim Suwayed,21 July 1974 (aged 23),19,Al Ahli,Saudi Arabia
8,FW,Obeid Al-Dosari,2 October 1975 (aged 22),61,Al Wehda,Saudi Arabia
9,FW,Sami Al-Jaber,11 December 1972 (aged 25),85,Al Hilal,Saudi Arabia
10,FW,Saeed Al-Owairan,19 August 1967 (aged 30),55,Al Shabab,Saudi Arabia
11,FW,Fahad Al-Mehallel,11 November 1970 (aged 27),85,Al Shabab,Saudi Arabia
12,MF,Ibrahim Mater,10 July 1975 (aged 22),47,Al Nassr,Saudi Arabia
13,DF,Hussein Abdulghani,23 January 1977 (aged 21),40,Al Ahli,Saudi Arabia
14,MF,Khaled Massad,23 November 1971 (aged 26),91,Al Ahli,Saudi Arabia
15,MF,Yousuf Al-Thunayan (captain),18 November 1963 (aged 34),86,Al Hilal,Saudi Arabia
16,MF,Khamis Al-Owairan,8 September 1973 (aged 24),48,Al Hilal,Saudi Arabia
17,DF,Ahmed Al-Dokhi,25 October 1976 (aged 21),12,Al Hilal,Saudi Arabia
18,MF,Nawaf Al-Temyat,26 June 1976 (aged 21),0,Al Hilal,Saudi Arabia
19,DF,Abdulaziz Al-Janoubi,21 July 1974 (aged 23),3,Al Nassr,Saudi Arabia
20,MF,Hamzah Saleh,19 April 1967 (aged 31),38,Al Ahli,Saudi Arabia
21,GK,Hussein Al-Sadiq,15 October 1973 (aged 24),64,Al Qadsiah,Saudi Arabia
22,GK,Tisir Al-Antaif,16 February 1974 (aged 24),0,Al Ettifaq,Saudi Arabia
1,GK,Hans Vonk,30 January 1970 (aged 28),0,Heerenveen,South Africa
2,DF,Themba Mnguni,16 December 1973 (aged 24),3,Mamelodi Sundowns,South Africa
3,DF,David Nyathi,22 March 1969 (aged 29),35,St. Gallen,South Africa
4,DF,Willem Jackson,26 March 1972 (aged 26),12,Orlando Pirates,South Africa
5,DF,Mark Fish,14 March 1974 (aged 24),37,Bolton Wanderers,South Africa
6,FW,Phil Masinga,28 June 1969 (aged 28),41,Bari,South Africa
7,MF,Quinton Fortune,21 May 1977 (aged 21),6,Atlético Madrid,South Africa
8,MF,Alfred Phiri,22 June 1974 (aged 23),2,Vanspor,South Africa
9,FW,Shaun Bartlett,31 October 1972 (aged 25),29,Cape Town Spurs,South Africa
10,MF,John Moshoeu,18 December 1965 (aged 32),44,Fenerbahçe,South Africa
11,MF,Helman Mkhalele,20 October 1969 (aged 28),35,Kayserispor,South Africa
12,FW,Brendan Augustine,26 October 1971 (aged 26),26,LASK,South Africa
13,FW,Delron Buckley,7 December 1977 (aged 20),0,VfL Bochum,South Africa
14,FW,Jerry Sikhosana,8 June 1969 (aged 29),9,Orlando Pirates,South Africa
15,MF,Doctor Khumalo,26 June 1967 (aged 30),43,Kaizer Chiefs,South Africa
16,GK,Brian Baloyi,16 March 1974 (aged 24),8,Kaizer Chiefs,South Africa
17,FW,Benni McCarthy,12 November 1977 (aged 20),10,Ajax,South Africa
18,MF,Lebogang Morula,22 December 1968 (aged 29),0,Vanspor,South Africa
19,DF,Lucas Radebe (captain),12 April 1969 (aged 29),41,Leeds United,South Africa
20,MF,William Mokoena,31 March 1975 (aged 23),0,Manning Rangers,South Africa
21,DF,Pierre Issa,12 September 1975 (aged 22),1,Marseille,South Africa
22,GK,Paul Evans*,28 December 1973 (aged 24),0,Supersport United,South Africa
23,GK,Simon Gopane*,26 December 1970 (aged 27),1,Bloemfontein Celtic,South Africa
1,GK,Zdravko Zdravkov,4 October 1970 (aged 27),16,Istanbulspor,Bulgaria
2,DF,Radostin Kishishev,30 July 1974 (aged 23),22,Litex Lovech,Bulgaria
3,DF,Trifon Ivanov (captain),27 July 1965 (aged 32),72,CSKA Sofia,Bulgaria
4,DF,Ivaylo Petkov,24 March 1976 (aged 22),10,Litex Lovech,Bulgaria
5,MF,Ivaylo Yordanov,22 April 1968 (aged 30),38,Sporting CP,Bulgaria
6,MF,Zlatko Yankov,7 June 1966 (aged 32),67,Beşiktaş,Bulgaria
7,FW,Emil Kostadinov,12 August 1967 (aged 30),67,CSKA Sofia,Bulgaria
8,FW,Hristo Stoichkov,8 February 1966 (aged 32),70,Barcelona,Bulgaria
9,FW,Lyuboslav Penev,31 August 1966 (aged 31),58,Compostela,Bulgaria
10,MF,Krasimir Balakov,29 March 1966 (aged 32),66,VfB Stuttgart,Bulgaria
11,MF,Ilian Iliev,2 July 1968 (aged 29),15,Bursaspor,Bulgaria
12,GK,Borislav Mihaylov,12 February 1963 (aged 35),96,Slavia Sofia,Bulgaria
13,DF,Gosho Ginchev,2 February 1969 (aged 29),15,Antalyaspor,Bulgaria
14,MF,Marian Hristov,29 July 1973 (aged 24),9,1. FC Kaiserslautern,Bulgaria
15,DF,Adalbert Zafirov,29 September 1969 (aged 28),6,Arminia Bielefeld,Bulgaria
16,MF,Anatoli Nankov,15 July 1969 (aged 28),15,Lokomotiv Sofia,Bulgaria
17,MF,Stoycho Stoilov,15 October 1971 (aged 26),1,Litex Lovech,Bulgaria
18,MF,Daniel Borimirov,15 January 1970 (aged 28),36,1860 Munich,Bulgaria
19,FW,Georgi Bachev,18 April 1977 (aged 21),4,Slavia Sofia,Bulgaria
20,FW,Georgi Ivanov,2 July 1976 (aged 21),4,Levski Sofia,Bulgaria
21,DF,Rosen Kirilov,4 January 1973 (aged 25),3,Litex Lovech,Bulgaria
22,MF,Milen Petkov,12 January 1974 (aged 24),5,CSKA Sofia,Bulgaria
1,GK,Peter Rufai,24 August 1963 (aged 34),62,Deportivo La Coruña,Nigeria
2,DF,Mobi Oparaku,1 December 1976 (aged 21),3,Kapellen,Nigeria
3,DF,Celestine Babayaro,29 August 1978 (aged 19),6,Chelsea,Nigeria
4,FW,Nwankwo Kanu,1 August 1976 (aged 21),7,Inter Milan,Nigeria
5,DF,Uche Okechukwu (captain),27 September 1967 (aged 30),41,Fenerbahçe,Nigeria
6,DF,Taribo West,26 March 1974 (aged 24),8,Inter Milan,Nigeria
7,MF,Finidi George,15 April 1971 (aged 27),36,Real Betis,Nigeria
8,MF,Mutiu Adepoju,22 December 1970 (aged 27),35,Real Sociedad,Nigeria
9,FW,Rashidi Yekini,23 October 1963 (aged 34),58,Zürich,Nigeria
10,MF,Jay-Jay Okocha,14 August 1973 (aged 24),26,Fenerbahçe,Nigeria
11,MF,Garba Lawal,22 May 1974 (aged 24),3,Roda JC,Nigeria
12,GK,Willy Okpara,7 May 1968 (aged 30),5,Orlando Pirates,Nigeria
13,MF,Tijani Babangida,25 September 1973 (aged 24),4,Ajax,Nigeria
14,FW,Daniel Amokachi,30 December 1972 (aged 25),43,Beşiktaş,Nigeria
15,MF,Sunday Oliseh,14 September 1974 (aged 23),22,Ajax,Nigeria
16,DF,Uche Okafor,8 August 1967 (aged 30),33,Kansas City Wizards,Nigeria
17,DF,Augustine Eguavoen,19 August 1965 (aged 32),52,Torpedo Moscow,Nigeria
18,MF,Wilson Oruma,30 December 1976 (aged 21),4,Lens,Nigeria
19,DF,Benedict Iroha,29 November 1969 (aged 28),33,Elche,Nigeria
20,FW,Victor Ikpeba,12 June 1973 (aged 24),15,Monaco,Nigeria
21,DF,Godwin Okpara,20 September 1972 (aged 25),6,Strasbourg,Nigeria
22,GK,Abiodun Baruwa,16 November 1974 (aged 23),3,Sion,Nigeria
1,GK,José Luis Chilavert (captain),27 July 1965 (aged 32),40,Vélez Sársfield,Paraguay
2,DF,Francisco Arce,2 April 1971 (aged 27),28,Palmeiras,Paraguay
3,DF,Catalino Rivarola,30 April 1965 (aged 33),49,Grêmio,Paraguay
4,DF,Carlos Gamarra,17 February 1971 (aged 27),48,Corinthians,Paraguay
5,DF,Celso Ayala,20 August 1970 (aged 27),42,River Plate,Paraguay
6,DF,Edgar Aguilera,28 July 1975 (aged 22),1,Cerro Corá,Paraguay
7,MF,Julio César Yegros,31 January 1971 (aged 27),6,Cruz Azul,Paraguay
8,FW,Arístides Rojas,12 August 1968 (aged 29),5,Unión de Santa Fe,Paraguay
9,FW,José Cardozo,19 March 1971 (aged 27),12,Toluca,Paraguay
10,MF,Roberto Acuña,25 March 1972 (aged 26),40,Zaragoza,Paraguay
11,DF,Pedro Sarabia,5 July 1975 (aged 22),20,River Plate,Paraguay
12,GK,Danilo Aceval,15 September 1975 (aged 22),3,Unión de Santa Fe,Paraguay
13,MF,Carlos Paredes,16 July 1976 (aged 21),3,Olimpia,Paraguay
14,DF,Ricardo Rojas,26 January 1971 (aged 27),6,Estudiantes,Paraguay
15,FW,Miguel Ángel Benítez,19 May 1970 (aged 28),32,Espanyol,Paraguay
16,MF,Julio César Enciso,5 August 1974 (aged 23),4,Internacional,Paraguay
17,FW,Hugo Brizuela,8 February 1969 (aged 29),11,Argentinos Juniors,Paraguay
18,FW,César Ramírez,21 March 1977 (aged 21),3,Sporting CP,Paraguay
19,MF,Carlos Morales,4 November 1968 (aged 29),0,Gimnasia de Jujuy,Paraguay
20,DF,Denis Caniza,29 August 1974 (aged 23),8,Olimpia,Paraguay
21,MF,Jorge Luis Campos,11 August 1970 (aged 27),10,Beijing Guo'an,Paraguay
22,GK,Rubén Ruiz Díaz,11 November 1969 (aged 28),12,Monterrey,Paraguay
1,GK,Andoni Zubizarreta (captain),23 October 1961 (aged 36),123,Valencia,Spain
2,DF,Albert Ferrer,6 June 1970 (aged 28),34,Barcelona,Spain
3,DF,Agustín Aranzábal,15 March 1973 (aged 25),6,Real Sociedad,Spain
4,DF,Rafael Alkorta,16 September 1968 (aged 29),48,Athletic Bilbao,Spain
5,DF,Abelardo,19 March 1970 (aged 28),40,Barcelona,Spain
6,MF,Fernando Hierro,23 March 1968 (aged 30),55,Real Madrid,Spain
7,FW,Fernando Morientes,5 April 1976 (aged 22),2,Real Madrid,Spain
8,MF,Julen Guerrero,7 January 1974 (aged 24),31,Athletic Bilbao,Spain
9,FW,Juan Antonio Pizzi,7 June 1968 (aged 30),21,Barcelona,Spain
10,FW,Raúl,27 June 1977 (aged 20),13,Real Madrid,Spain
11,FW,Alfonso,26 September 1972 (aged 25),26,Real Betis,Spain
12,DF,Sergi,28 December 1971 (aged 26),33,Barcelona,Spain
13,GK,Santiago Cañizares,18 December 1969 (aged 28),10,Real Madrid,Spain
14,DF,Iván Campo,21 February 1974 (aged 24),2,Mallorca,Spain
15,DF,Carlos Aguilera,22 May 1969 (aged 29),4,Atlético Madrid,Spain
16,MF,Albert Celades,29 September 1975 (aged 22),1,Barcelona,Spain
17,FW,Joseba Etxeberria,5 September 1977 (aged 20),4,Athletic Bilbao,Spain
18,MF,Guillermo Amor,4 December 1967 (aged 30),33,Barcelona,Spain
19,FW,Kiko,26 April 1972 (aged 26),21,Atlético Madrid,Spain
20,DF,Miguel Ángel Nadal,28 July 1966 (aged 31),43,Barcelona,Spain
21,MF,Luis Enrique,8 May 1970 (aged 28),35,Barcelona,Spain
22,GK,José Molina,8 August 1970 (aged 27),1,Atlético Madrid,Spain
1,GK,Filip De Wilde,5 July 1964 (aged 33),25,Anderlecht,Belgium
2,DF,Bertrand Crasson,5 October 1971 (aged 26),19,Napoli,Belgium
3,DF,Lorenzo Staelens,30 April 1964 (aged 34),52,Club Brugge,Belgium
4,DF,Gordan Vidović,23 June 1968 (aged 29),11,Mouscron,Belgium
5,DF,Vital Borkelmans,1 June 1963 (aged 35),22,Club Brugge,Belgium
6,MF,Franky Van der Elst (captain),30 April 1961 (aged 37),86,Club Brugge,Belgium
7,MF,Marc Wilmots,22 February 1969 (aged 29),37,Schalke 04,Belgium
8,FW,Luís Oliveira,24 March 1969 (aged 29),29,Fiorentina,Belgium
9,FW,Mbo Mpenza,4 December 1976 (aged 21),8,Standard Liège,Belgium
10,FW,Luc Nilis,25 May 1967 (aged 31),51,PSV Eindhoven,Belgium
11,MF,Nico Van Kerckhoven,14 December 1970 (aged 27),17,Lierse,Belgium
12,GK,Philippe Vande Walle,22 December 1961 (aged 36),4,Eendracht Aalst,Belgium
13,GK,Dany Verlinden,15 August 1963 (aged 34),1,Club Brugge,Belgium
14,MF,Enzo Scifo,19 February 1966 (aged 32),84,Anderlecht,Belgium
15,MF,Philippe Clement,22 March 1974 (aged 24),8,Genk,Belgium
16,DF,Glen De Boeck,22 August 1971 (aged 26),12,Anderlecht,Belgium
17,DF,Mike Verstraeten,12 August 1967 (aged 30),6,Germinal Ekeren,Belgium
18,FW,Gert Verheyen,20 September 1970 (aged 27),17,Club Brugge,Belgium
19,DF,Eric Van Meir,28 February 1968 (aged 30),14,Lierse,Belgium
20,FW,Émile Mpenza,4 July 1978 (aged 19),13,Standard Liège,Belgium
21,MF,Danny Boffin,10 July 1965 (aged 32),40,Metz,Belgium
22,DF,Éric Deflandre,2 August 1973 (aged 24),12,Club Brugge,Belgium
1,GK,Jorge Campos,15 October 1966 (aged 31),106,Chicago Fire,Mexico
2,DF,Claudio Suárez,17 December 1968 (aged 29),121,Guadalajara,Mexico
3,DF,Joel Sánchez,17 August 1974 (aged 23),20,Guadalajara,Mexico
4,MF,Germán Villa,2 April 1973 (aged 25),36,América,Mexico
5,DF,Duilio Davino,21 March 1976 (aged 22),48,América,Mexico
6,MF,Marcelino Bernal,27 May 1962 (aged 36),72,Monterrey,Mexico
7,MF,Jesús Ramón Ramírez,5 December 1969 (aged 28),92,Guadalajara,Mexico
8,MF,Alberto García Aspe (captain),11 May 1967 (aged 31),82,América,Mexico
9,FW,Ricardo Peláez,14 March 1963 (aged 35),41,América,Mexico
10,FW,Luis García Postigo,1 June 1969 (aged 29),89,Atlante,Mexico
11,FW,Cuauhtémoc Blanco,17 January 1973 (aged 25),42,Necaxa,Mexico
12,GK,Oswaldo Sánchez,21 September 1973 (aged 24),9,América,Mexico
13,MF,Pável Pardo,26 July 1976 (aged 21),43,Atlas,Mexico
14,MF,Raúl Lara,28 February 1973 (aged 25),24,América,Mexico
15,FW,Luis Hernández,22 December 1968 (aged 29),46,Necaxa,Mexico
16,DF,Isaac Terrazas,17 April 1975 (aged 23),7,América,Mexico
17,FW,Francisco Palencia,28 April 1973 (aged 25),27,Cruz Azul,Mexico
18,DF,Salvador Carmona,22 August 1975 (aged 22),16,Toluca,Mexico
19,MF,Braulio Luna,8 September 1974 (aged 23),15,UNAM,Mexico
20,MF,Jaime Ordiales,23 December 1963 (aged 34),21,Toluca,Mexico
21,MF,Jesús Arellano,8 May 1973 (aged 25),7,Guadalajara,Mexico
22,GK,Óscar Pérez,1 February 1973 (aged 25),8,Cruz Azul,Mexico
1,GK,Edwin van der Sar,29 October 1970 (aged 27),25,Ajax,Netherlands
2,DF,Michael Reiziger,3 May 1973 (aged 25),26,Barcelona,Netherlands
3,DF,Jaap Stam,17 July 1972 (aged 25),14,PSV Eindhoven,Netherlands
4,DF,Frank de Boer (captain),15 May 1970 (aged 28),55,Ajax,Netherlands
5,DF,Arthur Numan,14 December 1969 (aged 28),29,PSV Eindhoven,Netherlands
6,MF,Wim Jonk,12 October 1966 (aged 31),42,PSV Eindhoven,Netherlands
7,MF,Ronald de Boer,15 May 1970 (aged 28),41,Ajax,Netherlands
8,FW,Dennis Bergkamp,10 May 1969 (aged 29),57,Arsenal,Netherlands
9,FW,Patrick Kluivert,1 July 1976 (aged 21),19,Milan,Netherlands
10,MF,Clarence Seedorf,1 April 1976 (aged 22),31,Real Madrid,Netherlands
11,MF,Phillip Cocu,29 October 1970 (aged 27),20,PSV Eindhoven,Netherlands
12,MF,Boudewijn Zenden,15 August 1976 (aged 21),6,PSV Eindhoven,Netherlands
13,DF,André Ooijer,11 July 1974 (aged 23),0,PSV Eindhoven,Netherlands
14,MF,Marc Overmars,29 March 1973 (aged 25),40,Arsenal,Netherlands
15,DF,Winston Bogarde,22 October 1970 (aged 27),14,Barcelona,Netherlands
16,MF,Edgar Davids,13 March 1973 (aged 25),12,Juventus,Netherlands
17,FW,Pierre van Hooijdonk,29 November 1969 (aged 28),12,Nottingham Forest,Netherlands
18,GK,Ed de Goey,20 December 1966 (aged 31),31,Chelsea,Netherlands
19,DF,Giovanni van Bronckhorst,5 February 1975 (aged 23),8,Feyenoord,Netherlands
20,MF,Aron Winter,1 March 1967 (aged 31),72,Inter Milan,Netherlands
21,FW,Jimmy Floyd Hasselbaink,27 March 1972 (aged 26),3,Leeds United,Netherlands
22,GK,Ruud Hesp,31 October 1965 (aged 32),0,Barcelona,Netherlands
1,GK,Kim Byung-ji,8 April 1970 (aged 28),34,Ulsan Hyundai Horangi,South Korea
2,MF,Choi Sung-yong,25 December 1975 (aged 22),27,Sangmu,South Korea
3,DF,Lee Lim-saeng,18 November 1971 (aged 26),17,Bucheon SK,South Korea
4,DF,Choi Young-il (captain),25 April 1966 (aged 32),54,Busan Daewoo Royals,South Korea
5,DF,Lee Min-sung,23 June 1973 (aged 24),29,Busan Daewoo Royals,South Korea
6,DF,Yoo Sang-chul,18 October 1971 (aged 26),57,Ulsan Hyundai Horangi,South Korea
7,MF,Kim Do-keun,2 March 1972 (aged 26),13,Jeonnam Dragons,South Korea
8,MF,Noh Jung-yoon,28 March 1971 (aged 27),36,NAC Breda,South Korea
9,FW,Kim Do-hoon,21 July 1970 (aged 27),37,Vissel Kobe,South Korea
10,FW,Choi Yong-soo,10 September 1973 (aged 24),33,Sangmu,South Korea
11,FW,Seo Jung-won,17 December 1970 (aged 27),73,Strasbourg,South Korea
12,DF,Lee Sang-hun,11 October 1975 (aged 22),13,Anyang LG Cheetahs,South Korea
13,DF,Kim Tae-young,8 November 1970 (aged 27),35,Jeonnam Dragons,South Korea
14,MF,Ko Jong-soo,30 October 1978 (aged 19),22,Suwon Samsung Bluewings,South Korea
15,MF,Lee Sang-yoon,10 April 1969 (aged 29),28,Cheonan Ilhwa Chunma,South Korea
16,DF,Jang Hyung-seok,7 July 1972 (aged 25),7,Ulsan Hyundai Horangi,South Korea
17,MF,Ha Seok-ju,20 February 1968 (aged 30),82,Cerezo Osaka,South Korea
18,FW,Hwang Sun-hong,14 July 1968 (aged 29),78,Pohang Steelers,South Korea
19,DF,Jang Dae-il,9 March 1975 (aged 23),14,Cheonan Ilhwa Chunma,South Korea
20,DF,Hong Myung-bo,12 February 1969 (aged 29),94,Bellmare Hiratsuka,South Korea
21,FW,Lee Dong-gook,29 April 1979 (aged 19),0,Pohang Steelers,South Korea
22,GK,Seo Dong-myung,4 May 1974 (aged 24),21,Sangmu,South Korea
1,GK,Andreas Köpke,12 March 1962 (aged 36),54,Marseille,Germany
2,DF,Christian Wörns,10 May 1972 (aged 26),17,Bayer Leverkusen,Germany
3,DF,Jörg Heinrich,6 December 1969 (aged 28),15,Borussia Dortmund,Germany
4,DF,Jürgen Kohler,6 October 1965 (aged 32),101,Borussia Dortmund,Germany
5,DF,Thomas Helmer,21 April 1965 (aged 33),66,Bayern Munich,Germany
6,DF,Olaf Thon,1 May 1966 (aged 32),48,Schalke 04,Germany
7,MF,Andreas Möller,2 September 1967 (aged 30),79,Borussia Dortmund,Germany
8,DF,Lothar Matthäus,21 March 1961 (aged 37),125,Bayern Munich,Germany
9,FW,Ulf Kirsten,4 December 1965 (aged 32),32*,Bayer Leverkusen,Germany
10,MF,Thomas Häßler,30 May 1966 (aged 32),93,Karlsruher SC,Germany
11,FW,Olaf Marschall,19 March 1966 (aged 32),7*,1. FC Kaiserslautern,Germany
12,GK,Oliver Kahn,15 June 1969 (aged 28),10,Bayern Munich,Germany
13,MF,Jens Jeremies,5 March 1974 (aged 24),5,1860 Munich,Germany
14,DF,Markus Babbel,8 September 1972 (aged 25),30,Bayern Munich,Germany
15,MF,Steffen Freund,19 January 1970 (aged 28),21,Borussia Dortmund,Germany
16,MF,Dietmar Hamann,27 August 1973 (aged 24),7,Bayern Munich,Germany
17,DF,Christian Ziege,1 February 1972 (aged 26),37,Milan,Germany
18,FW,Jürgen Klinsmann (captain),30 July 1964 (aged 33),103,Tottenham Hotspur,Germany
19,DF,Stefan Reuter,16 October 1966 (aged 31),68,Borussia Dortmund,Germany
20,FW,Oliver Bierhoff,1 May 1968 (aged 30),26,Udinese,Germany
21,DF,Michael Tarnat,27 October 1969 (aged 28),12,Bayern Munich,Germany
22,GK,Jens Lehmann,10 November 1969 (aged 28),2,Schalke 04,Germany
1,GK,Ahmad Reza Abedzadeh (captain),25 May 1966 (aged 32),77,Persepolis,Iran
2,MF,Mehdi Mahdavikia,24 July 1977 (aged 20),29,Persepolis,Iran
3,DF,Naeim Saadavi,16 June 1969 (aged 28),8,Persepolis,Iran
4,DF,Mohammad Khakpour,20 February 1969 (aged 29),41,Bahman,Iran
5,DF,Afshin Peyrovani,6 February 1970 (aged 28),40,Persepolis,Iran
6,MF,Karim Bagheri,20 February 1974 (aged 24),46,Arminia Bielefeld,Iran
7,MF,Alireza Mansourian,12 December 1971 (aged 26),33,Esteghlal,Iran
8,MF,Sirous Dinmohammadi,2 July 1970 (aged 27),16,Shahrdari Tabriz,Iran
9,MF,Hamid Estili,1 April 1967 (aged 31),52,Bahman,Iran
10,FW,Ali Daei,21 March 1969 (aged 29),53,Arminia Bielefeld,Iran
11,FW,Khodadad Azizi,22 June 1971 (aged 26),27,1. FC Köln,Iran
12,GK,Nima Nakisa,1 May 1975 (aged 23),6,Persepolis,Iran
13,FW,Ali Latifi,20 February 1976 (aged 22),0,Bahman,Iran
14,DF,Nader Mohammadkhani,23 August 1963 (aged 34),52,Polyacryl,Iran
15,DF,Ali Akbar Ostad-Asadi,17 September 1965 (aged 32),29,Zob Ahan,Iran
16,DF,Reza Shahroudi,21 February 1972 (aged 26),34,Persepolis,Iran
17,DF,Javad Zarincheh,23 July 1966 (aged 31),61,Esteghlal,Iran
18,MF,Sattar Hamedani,6 June 1974 (aged 24),3,Bahman,Iran
19,FW,Behnam Seraj,19 June 1971 (aged 26),0,Sanat Naft,Iran
20,DF,Mehdi Pashazadeh,27 December 1973 (aged 24),4,Esteghlal,Iran
21,MF,Mehrdad Minavand,30 November 1975 (aged 22),27,Persepolis,Iran
22,GK,Parviz Boroumand,11 September 1972 (aged 25),0,Esteghlal,Iran
1,GK,Brad Friedel,18 May 1971 (aged 27),56,Liverpool,United States
2,DF,Frankie Hejduk,5 August 1974 (aged 23),11,Tampa Bay Mutiny,United States
3,DF,Eddie Pope,24 December 1973 (aged 24),23,D.C. United,United States
4,DF,Mike Burns,14 September 1970 (aged 27),73,New England Revolution,United States
5,MF,Thomas Dooley (captain),5 December 1961 (aged 36),77,Columbus Crew,United States
6,DF,David Regis,2 December 1968 (aged 29),2,Karlsruher SC,United States
7,FW,Roy Wegerle,19 March 1964 (aged 34),39,Tampa Bay Mutiny,United States
8,MF,Earnie Stewart,28 March 1969 (aged 29),47,NAC Breda,United States
9,FW,Joe-Max Moore,23 February 1971 (aged 27),68,New England Revolution,United States
10,MF,Tab Ramos,21 September 1966 (aged 31),80,MetroStars,United States
11,FW,Eric Wynalda,9 June 1969 (aged 29),100,San Jose Clash,United States
12,DF,Jeff Agoos,2 May 1968 (aged 30),87,D.C. United,United States
13,MF,Cobi Jones,16 June 1970 (aged 27),107,LA Galaxy,United States
14,MF,Predrag Radosavljević,24 June 1963 (aged 34),24,Kansas City Wizards,United States
15,MF,Chad Deering,2 September 1970 (aged 27),10,VfL Wolfsburg,United States
16,GK,Juergen Sommer,27 February 1969 (aged 29),8,Columbus Crew,United States
17,DF,Marcelo Balboa,8 August 1967 (aged 30),126,Colorado Rapids,United States
18,GK,Kasey Keller,29 November 1969 (aged 28),33,Leicester City,United States
19,MF,Brian Maisonneuve,28 June 1973 (aged 24),7,Columbus Crew,United States
20,FW,Brian McBride,19 June 1972 (aged 25),21,Columbus Crew,United States
21,MF,Claudio Reyna,20 July 1973 (aged 24),59,VfL Wolfsburg,United States
22,DF,Alexi Lalas,1 June 1970 (aged 28),98,MetroStars,United States
1,GK,Ivica Kralj,26 March 1973 (aged 25),15,Partizan,FR Yugoslavia
2,DF,Zoran Mirković,21 September 1971 (aged 26),28,Atalanta,FR Yugoslavia
3,DF,Goran Đorović,11 November 1971 (aged 26),26,Celta Vigo,FR Yugoslavia
4,MF,Slaviša Jokanović,16 August 1968 (aged 29),33,Tenerife,FR Yugoslavia
5,DF,Miroslav Đukić,19 February 1966 (aged 32),23,Valencia,FR Yugoslavia
6,MF,Branko Brnović,8 August 1967 (aged 30),22,Espanyol,FR Yugoslavia
7,MF,Vladimir Jugović,30 August 1969 (aged 28),24,Lazio,FR Yugoslavia
8,MF,Dejan Savićević,15 September 1966 (aged 31),49,Milan,FR Yugoslavia
9,FW,Predrag Mijatović,19 January 1969 (aged 29),28,Real Madrid,FR Yugoslavia
10,MF,Dragan Stojković (captain),3 March 1965 (aged 33),64,Nagoya Grampus Eight,FR Yugoslavia
11,DF,Siniša Mihajlović,20 February 1969 (aged 29),30,Sampdoria,FR Yugoslavia
12,GK,Dragoje Leković,21 November 1967 (aged 30),14,Sporting Gijón,FR Yugoslavia
13,DF,Slobodan Komljenović,2 January 1971 (aged 27),8,MSV Duisburg,FR Yugoslavia
14,DF,Niša Saveljić,23 February 1970 (aged 28),20,Bordeaux,FR Yugoslavia
15,MF,Ljubinko Drulović,11 September 1968 (aged 29),16,Porto,FR Yugoslavia
16,DF,Željko Petrović,13 November 1965 (aged 32),12,Urawa Red Diamonds,FR Yugoslavia
17,FW,Savo Milošević,2 September 1973 (aged 24),28,Aston Villa,FR Yugoslavia
18,MF,Dejan Govedarica,2 October 1969 (aged 28),20,Lecce,FR Yugoslavia
19,MF,Miroslav Stević,7 January 1970 (aged 28),5,1860 Munich,FR Yugoslavia
20,MF,Dejan Stanković,11 September 1978 (aged 19),3,Red Star Belgrade,FR Yugoslavia
21,FW,Perica Ognjenović,24 February 1977 (aged 21),5,Red Star Belgrade,FR Yugoslavia
22,FW,Darko Kovačević,18 November 1973 (aged 24),19,Real Sociedad,FR Yugoslavia
1,GK,Óscar Córdoba,3 February 1970 (aged 28),38,Boca Juniors,Colombia
2,DF,Iván Córdoba,11 August 1976 (aged 21),14,San Lorenzo,Colombia
3,DF,Ever Palacios,18 January 1969 (aged 29),1,Deportivo Cali,Colombia
4,DF,José Santa,12 November 1970 (aged 27),26,Atlético Nacional,Colombia
5,DF,Jorge Bermúdez,18 June 1971 (aged 26),15,Boca Juniors,Colombia
6,MF,Mauricio Serna,22 January 1968 (aged 30),2,Boca Juniors,Colombia
7,FW,Antony de Ávila,21 December 1962 (aged 35),52,Barcelona,Colombia
8,MF,John Harold Lozano,30 March 1972 (aged 26),13,Valladolid,Colombia
9,FW,Adolfo Valencia,6 February 1968 (aged 30),34,Independiente Medellín,Colombia
10,MF,Carlos Valderrama (captain),2 September 1961 (aged 36),108,Miami Fusion,Colombia
11,FW,Faustino Asprilla,10 November 1969 (aged 28),44,Parma,Colombia
12,GK,Miguel Calero,14 April 1971 (aged 27),5,Atlético Nacional,Colombia
13,DF,Wílmer Cabrera,15 September 1967 (aged 30),45,Millonarios,Colombia
14,MF,Jorge Bolaño,28 April 1977 (aged 21),0,Atlético Junior,Colombia
15,FW,Víctor Aristizábal,9 December 1971 (aged 26),18,São Paulo,Colombia
16,DF,Luis Antonio Moreno,25 December 1970 (aged 27),19,Deportes Tolima,Colombia
17,MF,Andrés Estrada,12 November 1967 (aged 30),2,Deportivo Cali,Colombia
18,MF,John Wilmar Pérez,2 February 1970 (aged 28),5,Deportivo Cali,Colombia
19,MF,Freddy Rincón,14 August 1966 (aged 31),75,Corinthians,Colombia
20,FW,Hámilton Ricard,12 January 1974 (aged 24),5,Middlesbrough,Colombia
21,FW,Léider Preciado,26 February 1977 (aged 21),0,Santa Fe,Colombia
22,GK,Faryd Mondragón,21 June 1971 (aged 26),5,Independiente,Colombia
1,GK,David Seaman,19 September 1963 (aged 34),40,Arsenal,England
2,DF,Sol Campbell,18 September 1974 (aged 23),16,Tottenham Hotspur,England
3,DF,Graeme Le Saux,17 October 1968 (aged 29),25,Chelsea,England
4,MF,Paul Ince,21 October 1967 (aged 30),39,Liverpool,England
5,DF,Tony Adams,10 October 1966 (aged 31),51,Arsenal,England
6,DF,Gareth Southgate,3 September 1970 (aged 27),25,Aston Villa,England
7,MF,David Beckham,2 May 1975 (aged 23),15,Manchester United,England
8,MF,David Batty,2 December 1968 (aged 29),31,Newcastle United,England
9,FW,Alan Shearer (captain),13 August 1970 (aged 27),39,Newcastle United,England
10,FW,Teddy Sheringham,2 April 1966 (aged 32),33,Manchester United,England
11,MF,Steve McManaman,11 February 1972 (aged 26),21,Liverpool,England
12,DF,Gary Neville,18 February 1975 (aged 23),27,Manchester United,England
13,GK,Nigel Martyn,11 August 1966 (aged 31),7,Leeds United,England
14,MF,Darren Anderton,3 March 1972 (aged 26),18,Tottenham Hotspur,England
15,MF,Paul Merson,20 March 1968 (aged 30),18,Middlesbrough,England
16,MF,Paul Scholes,16 November 1974 (aged 23),7,Manchester United,England
17,MF,Rob Lee,1 February 1966 (aged 32),17,Newcastle United,England
18,DF,Martin Keown,24 July 1966 (aged 31),18,Arsenal,England
19,FW,Les Ferdinand,8 December 1966 (aged 31),17,Tottenham Hotspur,England
20,FW,Michael Owen,14 December 1979 (aged 18),5,Liverpool,England
21,DF,Rio Ferdinand,7 November 1978 (aged 19),3,West Ham United,England
22,GK,Tim Flowers,3 February 1967 (aged 31),11,Blackburn Rovers,England
1,GK,Dumitru Stângaciu,9 August 1964 (aged 33),5,Kocaelispor,Romania
2,DF,Dan Petrescu,22 December 1967 (aged 30),68,Chelsea,Romania
3,DF,Cristian Dulca,25 September 1972 (aged 25),5,Rapid București,Romania
4,DF,Anton Doboș,13 October 1965 (aged 32),21,AEK Athens,Romania
5,MF,Constantin Gâlcă,8 March 1972 (aged 26),32,Espanyol,Romania
6,DF,Gheorghe Popescu,9 October 1967 (aged 30),78,Galatasaray,Romania
7,FW,Marius Lăcătuș,5 April 1964 (aged 34),81,Steaua București,Romania
8,MF,Dorinel Munteanu,25 June 1968 (aged 29),63,1. FC Köln,Romania
9,FW,Viorel Moldovan,8 July 1972 (aged 25),24,Coventry City,Romania
10,MF,Gheorghe Hagi (captain),5 February 1965 (aged 33),111,Galatasaray,Romania
11,FW,Adrian Ilie,20 April 1974 (aged 24),20,Valencia,Romania
12,GK,Bogdan Stelea,5 December 1967 (aged 30),46,Salamanca,Romania
13,DF,Liviu Ciobotariu,26 March 1971 (aged 27),4,Național București,Romania
14,MF,Radu Niculescu,2 March 1975 (aged 23),11,Național București,Romania
15,MF,Lucian Marinescu,24 June 1972 (aged 25),4,Rapid București,Romania
16,MF,Gabriel Popescu,23 December 1973 (aged 24),12,Salamanca,Romania
17,FW,Ilie Dumitrescu,6 January 1969 (aged 29),62,Atlante,Romania
18,MF,Iulian Filipescu,29 March 1974 (aged 24),15,Galatasaray,Romania
19,MF,Ovidiu Stîngă,5 December 1972 (aged 25),19,PSV Eindhoven,Romania
20,DF,Tibor Selymes,14 May 1970 (aged 28),44,Anderlecht,Romania
21,FW,Gheorghe Craioveanu,14 February 1968 (aged 30),18,Real Sociedad,Romania
22,GK,Florin Prunea,8 August 1968 (aged 29),35,Universitatea Cluj,Romania
1,GK,Chokri El Ouaer,15 August 1966 (aged 31),51,Espérance de Tunis,Tunisia
2,FW,Imed Ben Younes,16 June 1974 (aged 23),7,Étoile du Sahel,Tunisia
3,DF,Sami Trabelsi (captain),4 February 1968 (aged 30),45,CS Sfaxien,Tunisia
4,DF,Mounir Boukadida,24 October 1967 (aged 30),30,Étoile du Sahel,Tunisia
5,DF,Hatem Trabelsi,25 January 1977 (aged 21),2,CS Sfaxien,Tunisia
6,DF,Ferid Chouchane,19 April 1973 (aged 25),26,Étoile du Sahel,Tunisia
7,DF,Tarek Thabet,16 August 1971 (aged 26),43,Espérance de Tunis,Tunisia
8,MF,Zoubeir Baya,15 May 1971 (aged 27),44,SC Freiburg,Tunisia
9,FW,Riadh Jelassi,7 July 1971 (aged 26),13,Étoile du Sahel,Tunisia
10,MF,Kaies Ghodhbane,7 January 1976 (aged 22),46,Étoile du Sahel,Tunisia
11,FW,Adel Sellimi,16 November 1972 (aged 25),57,Real Jaén,Tunisia
12,FW,Mourad Melki,9 May 1975 (aged 23),2,Olympique Béja,Tunisia
13,MF,Riadh Bouazizi,8 April 1973 (aged 25),24,Étoile du Sahel,Tunisia
14,MF,Sirajeddine Chihi,16 April 1970 (aged 28),47,Espérance de Tunis,Tunisia
15,MF,Skander Souayah,20 November 1972 (aged 25),31,CS Sfaxien,Tunisia
16,GK,Radhouane Salhi,18 December 1967 (aged 30),5,Étoile du Sahel,Tunisia
17,MF,José Clayton,21 March 1974 (aged 24),4,Étoile du Sahel,Tunisia
18,FW,Mehdi Ben Slimane,1 January 1974 (aged 24),32,SC Freiburg,Tunisia
19,MF,Faysal Ben Ahmed,7 March 1973 (aged 25),2,Espérance de Tunis,Tunisia
20,DF,Sabri Jaballah,28 June 1973 (aged 24),20,Club Africain,Tunisia
21,DF,Khaled Badra,8 April 1973 (aged 25),26,Espérance de Tunis,Tunisia
22,GK,Ali Boumnijel,13 April 1966 (aged 32),12,Bastia,Tunisia
1,GK,Carlos Roa,15 August 1969 (aged 28),10,Mallorca,Argentina
2,DF,Roberto Ayala,14 April 1973 (aged 25),37,Napoli,Argentina
3,DF,José Chamot,17 May 1969 (aged 29),31,Lazio,Argentina
4,DF,Mauricio Pineda,13 July 1975 (aged 22),7,Udinese,Argentina
5,MF,Matías Almeyda,21 December 1973 (aged 24),24,Lazio,Argentina
6,DF,Roberto Sensini,12 October 1966 (aged 31),44,Parma,Argentina
7,FW,Claudio López,17 July 1974 (aged 23),25,Valencia,Argentina
8,MF,Diego Simeone (captain),28 April 1970 (aged 28),69,Inter Milan,Argentina
9,FW,Gabriel Batistuta,1 February 1969 (aged 29),61,Fiorentina,Argentina
10,MF,Ariel Ortega,4 March 1974 (aged 24),50,Valencia,Argentina
11,MF,Juan Sebastián Verón,9 March 1975 (aged 23),17,Sampdoria,Argentina
12,GK,Germán Burgos,16 April 1969 (aged 29),9,River Plate,Argentina
13,DF,Pablo Paz,27 January 1973 (aged 25),15,Tenerife,Argentina
14,DF,Nelson Vivas,18 October 1969 (aged 28),11,Lugano,Argentina
15,MF,Leonardo Astrada,6 January 1970 (aged 28),20,River Plate,Argentina
16,MF,Sergio Berti,17 September 1969 (aged 28),15,River Plate,Argentina
17,GK,Pablo Cavallero,13 April 1974 (aged 24),8,Vélez Sársfield,Argentina
18,FW,Abel Balbo,1 June 1966 (aged 32),34,Roma,Argentina
19,FW,Hernán Crespo,5 July 1975 (aged 22),18,Parma,Argentina
20,MF,Marcelo Gallardo,18 January 1976 (aged 22),23,River Plate,Argentina
21,FW,Marcelo Delgado,24 March 1973 (aged 25),14,Racing,Argentina
22,DF,Javier Zanetti,10 August 1973 (aged 24),30,Inter Milan,Argentina
1,GK,Dražen Ladić,1 January 1963 (aged 35),41,Croatia Zagreb,Croatia
2,FW,Petar Krpan,1 July 1974 (aged 23),1,Osijek,Croatia
3,DF,Anthony Šerić,15 January 1979 (aged 19),3,Hajduk Split,Croatia
4,DF,Igor Štimac,6 September 1967 (aged 30),29,Derby County,Croatia
5,DF,Goran Jurić,5 February 1963 (aged 35),11,Croatia Zagreb,Croatia
6,DF,Slaven Bilić,11 September 1968 (aged 29),36,Everton,Croatia
7,MF,Aljoša Asanović,14 December 1965 (aged 32),39,Napoli,Croatia
8,MF,Robert Prosinečki,12 January 1969 (aged 29),29,Croatia Zagreb,Croatia
9,FW,Davor Šuker,1 January 1968 (aged 30),36,Real Madrid,Croatia
10,MF,Zvonimir Boban (captain),8 October 1968 (aged 29),35,Milan,Croatia
11,MF,Silvio Marić,20 March 1975 (aged 23),7,Croatia Zagreb,Croatia
12,GK,Marjan Mrmić,6 May 1965 (aged 33),12,Beşiktaş,Croatia
13,MF,Mario Stanić,10 April 1972 (aged 26),16,Parma,Croatia
14,MF,Zvonimir Soldo,2 November 1967 (aged 30),26,VfB Stuttgart,Croatia
15,DF,Igor Tudor,16 April 1978 (aged 20),5,Hajduk Split,Croatia
16,FW,Ardian Kozniku,27 October 1967 (aged 30),7,Bastia,Croatia
17,DF,Robert Jarni,26 October 1968 (aged 29),38,Real Betis,Croatia
18,MF,Zoran Mamić,30 September 1971 (aged 26),6,VfL Bochum,Croatia
19,FW,Goran Vlaović,7 August 1972 (aged 25),28,Valencia,Croatia
20,DF,Dario Šimić,12 November 1975 (aged 22),17,Croatia Zagreb,Croatia
21,MF,Krunoslav Jurčić,26 November 1969 (aged 28),9,Croatia Zagreb,Croatia
22,GK,Vladimir Vasilj,6 July 1975 (aged 22),1,Hrvatski Dragovoljac,Croatia
1,GK,Warren Barrett (captain),9 July 1970 (aged 27),128,Violet Kickers,Jamaica
2,DF,Stephen Malcolm,2 May 1970 (aged 28),62,Seba United,Jamaica
3,MF,Chris Dawes,31 May 1974 (aged 24),20,Galaxy,Jamaica
4,DF,Linval Dixon,14 September 1971 (aged 26),104,Hazard United,Jamaica
5,DF,Ian Goodison,21 November 1972 (aged 25),55,Olympic Gardens,Jamaica
6,MF,Fitzroy Simpson,26 February 1970 (aged 28),23,Portsmouth,Jamaica
7,MF,Peter Cargill,2 March 1964 (aged 34),76,Harbour View,Jamaica
8,FW,Marcus Gayle,27 September 1970 (aged 27),5,Wimbledon,Jamaica
9,FW,Andy Williams,23 September 1977 (aged 20),25,Columbus Crew,Jamaica
10,FW,Walter Boyd,1 January 1972 (aged 26),57,Arnett Gardens,Jamaica
11,MF,Theodore Whitmore,5 August 1972 (aged 25),76,Seba United,Jamaica
12,DF,Dean Sewell,13 April 1972 (aged 26),4,Constant Spring,Jamaica
13,GK,Aaron Lawrence,11 August 1970 (aged 27),17,Reno,Jamaica
14,GK,Donovan Ricketts,7 June 1977 (aged 21),0,Wadadah,Jamaica
15,DF,Ricardo Gardner,25 September 1978 (aged 19),34,Harbour View,Jamaica
16,MF,Robbie Earle,27 January 1965 (aged 33),8,Wimbledon,Jamaica
17,FW,Onandi Lowe,2 December 1973 (aged 24),30,Harbour View,Jamaica
18,FW,Deon Burton,25 October 1976 (aged 21),18,Derby County,Jamaica
19,DF,Frank Sinclair,3 December 1971 (aged 26),5,Chelsea,Jamaica
20,MF,Darryl Powell,15 November 1971 (aged 26),2,Derby County,Jamaica
21,DF,Durrant Brown,8 July 1964 (aged 33),125,Wadadah,Jamaica
22,FW,Paul Hall,3 July 1972 (aged 25),23,Portsmouth,Jamaica
1,GK,Nobuyuki Kojima,17 January 1966 (aged 32),5,Bellmare Hiratsuka,Japan
2,DF,Akira Narahashi,26 November 1971 (aged 26),29,Kashima Antlers,Japan
3,DF,Naoki Soma,19 July 1971 (aged 26),50,Kashima Antlers,Japan
4,DF,Masami Ihara (captain),18 September 1967 (aged 30),116,Yokohama Marinos,Japan
5,DF,Norio Omura,6 September 1969 (aged 28),31,Yokohama Marinos,Japan
6,MF,Motohiro Yamaguchi,29 January 1969 (aged 29),56,Yokohama Flügels,Japan
7,MF,Teruyoshi Ito,31 August 1974 (aged 23),2,Shimizu S-Pulse,Japan
8,MF,Hidetoshi Nakata,22 January 1977 (aged 21),21,Bellmare Hiratsuka,Japan
9,FW,Masashi Nakayama,23 September 1967 (aged 30),27,Júbilo Iwata,Japan
10,MF,Hiroshi Nanami,28 November 1972 (aged 25),44,Júbilo Iwata,Japan
11,MF,Shinji Ono,27 September 1979 (aged 18),2,Urawa Red Diamonds,Japan
12,FW,Wagner Lopes,29 January 1969 (aged 29),10,Bellmare Hiratsuka,Japan
13,MF,Toshihiro Hattori,23 September 1973 (aged 24),6,Júbilo Iwata,Japan
14,FW,Masayuki Okano,25 July 1972 (aged 25),25,Urawa Red Diamonds,Japan
15,MF,Hiroaki Morishima,30 April 1972 (aged 26),36,Cerezo Osaka,Japan
16,DF,Toshihide Saito,20 April 1973 (aged 25),14,Shimizu S-Pulse,Japan
17,DF,Yutaka Akita,6 August 1970 (aged 27),27,Kashima Antlers,Japan
18,FW,Shoji Jo,17 June 1975 (aged 22),24,Yokohama Marinos,Japan
19,DF,Eisuke Nakanishi,23 June 1973 (aged 24),7,JEF United Ichihara,Japan
20,GK,Yoshikatsu Kawaguchi,15 August 1975 (aged 22),27,Yokohama Marinos,Japan
21,GK,Seigo Narazaki,15 April 1976 (aged 22),2,Yokohama Flügels,Japan
22,MF,Takashi Hirano,15 July 1974 (aged 23),10,Nagoya Grampus Eight,Japan
