ID,Year,Date,Stage,clean_stage,home_or_away,Team,Goals,penalty_winner,goals_against,match_win,penalty_win,win
516,1994,1994-07-17,Final,6,Away,Italy,0,Brazil,0,0,0,0
516,1994,1994-07-17,Final,6,Home,Brazil,0,Brazil,0,0,1,1
515,1994,1994-07-16,Third place,5,Away,Bulgaria,0,,4,0,0,0
515,1994,1994-07-16,Third place,5,Home,Sweden,4,,0,1,0,1
513,1994,1994-07-13,Semi-finals,4,Away,Italy,2,,1,1,0,1
513,1994,1994-07-13,Semi-finals,4,Home,Bulgaria,1,,2,0,0,0
514,1994,1994-07-13,Semi-finals,4,Away,Brazil,1,,0,1,0,1
514,1994,1994-07-13,Semi-finals,4,Home,Sweden,0,,1,0,0,0
509,1994,1994-07-09,Quarter-finals,3,Away,Spain,1,,2,0,0,0
509,1994,1994-07-09,Quarter-finals,3,Home,Italy,2,,1,1,0,1
510,1994,1994-07-09,Quarter-finals,3,Away,Brazil,3,,2,1,0,1
510,1994,1994-07-09,Quarter-finals,3,Home,Netherlands,2,,3,0,0,0
511,1994,1994-07-10,Quarter-finals,3,Away,Germany,1,,2,0,0,0
511,1994,1994-07-10,Quarter-finals,3,Home,Bulgaria,2,,1,1,0,1
512,1994,1994-07-10,Quarter-finals,3,Away,Sweden,2,Sweden,2,0,1,1
512,1994,1994-07-10,Quarter-finals,3,Home,Romania,2,Sweden,2,0,0,0
501,1994,1994-07-02,Round of 16,2,Away,Belgium,2,,3,0,0,0
501,1994,1994-07-02,Round of 16,2,Home,Germany,3,,2,1,0,1
502,1994,1994-07-02,Round of 16,2,Away,Switzerland,0,,3,0,0,0
502,1994,1994-07-02,Round of 16,2,Home,Spain,3,,0,1,0,1
503,1994,1994-07-03,Round of 16,2,Away,Sweden,3,,1,1,0,1
503,1994,1994-07-03,Round of 16,2,Home,Saudi Arabia,1,,3,0,0,0
504,1994,1994-07-03,Round of 16,2,Away,Argentina,2,,3,0,0,0
504,1994,1994-07-03,Round of 16,2,Home,Romania,3,,2,1,0,1
505,1994,1994-07-04,Round of 16,2,Away,Republic of Ireland,0,,2,0,0,0
505,1994,1994-07-04,Round of 16,2,Home,Netherlands,2,,0,1,0,1
506,1994,1994-07-04,Round of 16,2,Away,Brazil,1,,0,1,0,1
506,1994,1994-07-04,Round of 16,2,Home,United States,0,,1,0,0,0
507,1994,1994-07-05,Round of 16,2,Away,Italy,2,,1,1,0,1
507,1994,1994-07-05,Round of 16,2,Home,Nigeria,1,,2,0,0,0
508,1994,1994-07-05,Round of 16,2,Away,Bulgaria,1,Bulgaria,1,0,1,1
508,1994,1994-07-05,Round of 16,2,Home,Mexico,1,Bulgaria,1,0,0,0
465,1994,1994-06-17,Group stage,1,Away,Bolivia,0,,1,0,0,0
465,1994,1994-06-17,Group stage,1,Home,Germany,1,,0,1,0,1
466,1994,1994-06-17,Group stage,1,Away,South Korea,2,,2,0,0,0
466,1994,1994-06-17,Group stage,1,Home,Spain,2,,2,0,0,0
467,1994,1994-06-18,Group stage,1,Away,Switzerland,1,,1,0,0,0
467,1994,1994-06-18,Group stage,1,Home,United States,1,,1,0,0,0
468,1994,1994-06-18,Group stage,1,Away,Republic of Ireland,1,,0,1,0,1
468,1994,1994-06-18,Group stage,1,Home,Italy,0,,1,0,0,0
469,1994,1994-06-18,Group stage,1,Away,Romania,3,,1,1,0,1
469,1994,1994-06-18,Group stage,1,Home,Colombia,1,,3,0,0,0
470,1994,1994-06-19,Group stage,1,Away,Morocco,0,,1,0,0,0
470,1994,1994-06-19,Group stage,1,Home,Belgium,1,,0,1,0,1
471,1994,1994-06-19,Group stage,1,Away,Mexico,0,,1,0,0,0
471,1994,1994-06-19,Group stage,1,Home,Norway,1,,0,1,0,1
472,1994,1994-06-19,Group stage,1,Away,Sweden,2,,2,0,0,0
472,1994,1994-06-19,Group stage,1,Home,Cameroon,2,,2,0,0,0
473,1994,1994-06-20,Group stage,1,Away,Russia,0,,2,0,0,0
473,1994,1994-06-20,Group stage,1,Home,Brazil,2,,0,1,0,1
474,1994,1994-06-20,Group stage,1,Away,Saudi Arabia,1,,2,0,0,0
474,1994,1994-06-20,Group stage,1,Home,Netherlands,2,,1,1,0,1
475,1994,1994-06-21,Group stage,1,Away,Greece,0,,4,0,0,0
475,1994,1994-06-21,Group stage,1,Home,Argentina,4,,0,1,0,1
476,1994,1994-06-21,Group stage,1,Away,Spain,1,,1,0,0,0
476,1994,1994-06-21,Group stage,1,Home,Germany,1,,1,0,0,0
477,1994,1994-06-21,Group stage,1,Away,Bulgaria,0,,3,0,0,0
477,1994,1994-06-21,Group stage,1,Home,Nigeria,3,,0,1,0,1
478,1994,1994-06-22,Group stage,1,Away,Switzerland,4,,1,1,0,1
478,1994,1994-06-22,Group stage,1,Home,Romania,1,,4,0,0,0
479,1994,1994-06-22,Group stage,1,Away,Colombia,1,,2,0,0,0
479,1994,1994-06-22,Group stage,1,Home,United States,2,,1,1,0,1
480,1994,1994-06-23,Group stage,1,Away,Norway,0,,1,0,0,0
480,1994,1994-06-23,Group stage,1,Home,Italy,1,,0,1,0,1
481,1994,1994-06-23,Group stage,1,Away,Bolivia,0,,0,0,0,0
481,1994,1994-06-23,Group stage,1,Home,South Korea,0,,0,0,0,0
482,1994,1994-06-24,Group stage,1,Away,Republic of Ireland,1,,2,0,0,0
482,1994,1994-06-24,Group stage,1,Home,Mexico,2,,1,1,0,1
483,1994,1994-06-24,Group stage,1,Away,Cameroon,0,,3,0,0,0
483,1994,1994-06-24,Group stage,1,Home,Brazil,3,,0,1,0,1
484,1994,1994-06-24,Group stage,1,Away,Russia,1,,3,0,0,0
484,1994,1994-06-24,Group stage,1,Home,Sweden,3,,1,1,0,1
485,1994,1994-06-25,Group stage,1,Away,Netherlands,0,,1,0,0,0
485,1994,1994-06-25,Group stage,1,Home,Belgium,1,,0,1,0,1
486,1994,1994-06-25,Group stage,1,Away,Morocco,1,,2,0,0,0
486,1994,1994-06-25,Group stage,1,Home,Saudi Arabia,2,,1,1,0,1
487,1994,1994-06-25,Group stage,1,Away,Nigeria,1,,2,0,0,0
487,1994,1994-06-25,Group stage,1,Home,Argentina,2,,1,1,0,1
488,1994,1994-06-26,Group stage,1,Away,Greece,0,,4,0,0,0
488,1994,1994-06-26,Group stage,1,Home,Bulgaria,4,,0,1,0,1
489,1994,1994-06-26,Group stage,1,Away,Romania,1,,0,1,0,1
489,1994,1994-06-26,Group stage,1,Home,United States,0,,1,0,0,0
490,1994,1994-06-26,Group stage,1,Away,Colombia,2,,0,1,0,1
490,1994,1994-06-26,Group stage,1,Home,Switzerland,0,,2,0,0,0
491,1994,1994-06-27,Group stage,1,Away,South Korea,2,,3,0,0,0
491,1994,1994-06-27,Group stage,1,Home,Germany,3,,2,1,0,1
492,1994,1994-06-27,Group stage,1,Away,Spain,3,,1,1,0,1
492,1994,1994-06-27,Group stage,1,Home,Bolivia,1,,3,0,0,0
493,1994,1994-06-28,Group stage,1,Away,Norway,0,,0,0,0,0
493,1994,1994-06-28,Group stage,1,Home,Republic of Ireland,0,,0,0,0,0
494,1994,1994-06-28,Group stage,1,Away,Mexico,1,,1,0,0,0
494,1994,1994-06-28,Group stage,1,Home,Italy,1,,1,0,0,0
495,1994,1994-06-28,Group stage,1,Away,Sweden,1,,1,0,0,0
495,1994,1994-06-28,Group stage,1,Home,Brazil,1,,1,0,0,0
496,1994,1994-06-28,Group stage,1,Away,Cameroon,1,,6,0,0,0
496,1994,1994-06-28,Group stage,1,Home,Russia,6,,1,1,0,1
497,1994,1994-06-29,Group stage,1,Away,Netherlands,2,,1,1,0,1
497,1994,1994-06-29,Group stage,1,Home,Morocco,1,,2,0,0,0
498,1994,1994-06-29,Group stage,1,Away,Saudi Arabia,1,,0,1,0,1
498,1994,1994-06-29,Group stage,1,Home,Belgium,0,,1,0,0,0
499,1994,1994-06-30,Group stage,1,Away,Nigeria,2,,0,1,0,1
499,1994,1994-06-30,Group stage,1,Home,Greece,0,,2,0,0,0
500,1994,1994-06-30,Group stage,1,Away,Bulgaria,2,,0,1,0,1
500,1994,1994-06-30,Group stage,1,Home,Argentina,0,,2,0,0,0
580,1998,1998-07-12,Final,6,Away,Brazil,0,,3,0,0,0
580,1998,1998-07-12,Final,6,Home,France,3,,0,1,0,1
579,1998,1998-07-11,Third place,5,Away,Croatia,2,,1,1,0,1
579,1998,1998-07-11,Third place,5,Home,Netherlands,1,,2,0,0,0
577,1998,1998-07-07,Semi-finals,4,Away,Netherlands,1,Brazil,1,0,0,0
577,1998,1998-07-07,Semi-finals,4,Home,Brazil,1,Brazil,1,0,1,1
578,1998,1998-07-08,Semi-finals,4,Away,Croatia,1,,2,0,0,0
578,1998,1998-07-08,Semi-finals,4,Home,France,2,,1,1,0,1
573,1998,1998-07-03,Quarter-finals,3,Away,Italy,0,France,0,0,0,0
573,1998,1998-07-03,Quarter-finals,3,Home,France,0,France,0,0,1,1
574,1998,1998-07-03,Quarter-finals,3,Away,Denmark,2,,3,0,0,0
574,1998,1998-07-03,Quarter-finals,3,Home,Brazil,3,,2,1,0,1
575,1998,1998-07-04,Quarter-finals,3,Away,Argentina,1,,2,0,0,0
575,1998,1998-07-04,Quarter-finals,3,Home,Netherlands,2,,1,1,0,1
576,1998,1998-07-04,Quarter-finals,3,Away,Croatia,3,,0,1,0,1
576,1998,1998-07-04,Quarter-finals,3,Home,Germany,0,,3,0,0,0
565,1998,1998-06-27,Round of 16,2,Away,Norway,0,,1,0,0,0
565,1998,1998-06-27,Round of 16,2,Home,Italy,1,,0,1,0,1
566,1998,1998-06-27,Round of 16,2,Away,Chile,1,,4,0,0,0
566,1998,1998-06-27,Round of 16,2,Home,Brazil,4,,1,1,0,1
567,1998,1998-06-28,Round of 16,2,Away,Paraguay,0,,1,0,0,0
567,1998,1998-06-28,Round of 16,2,Home,France,1,,0,1,0,1
568,1998,1998-06-28,Round of 16,2,Away,Denmark,4,,1,1,0,1
568,1998,1998-06-28,Round of 16,2,Home,Nigeria,1,,4,0,0,0
569,1998,1998-06-29,Round of 16,2,Away,Mexico,1,,2,0,0,0
569,1998,1998-06-29,Round of 16,2,Home,Germany,2,,1,1,0,1
570,1998,1998-06-29,Round of 16,2,Away,Yugoslavia,1,,2,0,0,0
570,1998,1998-06-29,Round of 16,2,Home,Netherlands,2,,1,1,0,1
571,1998,1998-06-30,Round of 16,2,Away,Croatia,1,,0,1,0,1
571,1998,1998-06-30,Round of 16,2,Home,Romania,0,,1,0,0,0
572,1998,1998-06-30,Round of 16,2,Away,England,2,Argentina,2,0,0,0
572,1998,1998-06-30,Round of 16,2,Home,Argentina,2,Argentina,2,0,1,1
517,1998,1998-06-10,Group stage,1,Away,Scotland,1,,2,0,0,0
517,1998,1998-06-10,Group stage,1,Home,Brazil,2,,1,1,0,1
518,1998,1998-06-10,Group stage,1,Away,Norway,2,,2,0,0,0
518,1998,1998-06-10,Group stage,1,Home,Morocco,2,,2,0,0,0
519,1998,1998-06-11,Group stage,1,Away,Chile,2,,2,0,0,0
519,1998,1998-06-11,Group stage,1,Home,Italy,2,,2,0,0,0
520,1998,1998-06-11,Group stage,1,Away,Austria,1,,1,0,0,0
520,1998,1998-06-11,Group stage,1,Home,Cameroon,1,,1,0,0,0
521,1998,1998-06-12,Group stage,1,Away,Bulgaria,0,,0,0,0,0
521,1998,1998-06-12,Group stage,1,Home,Paraguay,0,,0,0,0,0
522,1998,1998-06-12,Group stage,1,Away,Denmark,1,,0,1,0,1
522,1998,1998-06-12,Group stage,1,Home,Saudi Arabia,0,,1,0,0,0
523,1998,1998-06-12,Group stage,1,Away,South Africa,0,,3,0,0,0
523,1998,1998-06-12,Group stage,1,Home,France,3,,0,1,0,1
524,1998,1998-06-13,Group stage,1,Away,Nigeria,3,,2,1,0,1
524,1998,1998-06-13,Group stage,1,Home,Spain,2,,3,0,0,0
525,1998,1998-06-13,Group stage,1,Away,Mexico,3,,1,1,0,1
525,1998,1998-06-13,Group stage,1,Home,South Korea,1,,3,0,0,0
526,1998,1998-06-13,Group stage,1,Away,Belgium,0,,0,0,0,0
526,1998,1998-06-13,Group stage,1,Home,Netherlands,0,,0,0,0,0
527,1998,1998-06-14,Group stage,1,Away,Japan,0,,1,0,0,0
527,1998,1998-06-14,Group stage,1,Home,Argentina,1,,0,1,0,1
528,1998,1998-06-14,Group stage,1,Away,Iran,0,,1,0,0,0
528,1998,1998-06-14,Group stage,1,Home,Yugoslavia,1,,0,1,0,1
529,1998,1998-06-14,Group stage,1,Away,Croatia,3,,1,1,0,1
529,1998,1998-06-14,Group stage,1,Home,Jamaica,1,,3,0,0,0
530,1998,1998-06-15,Group stage,1,Away,Tunisia,0,,2,0,0,0
530,1998,1998-06-15,Group stage,1,Home,England,2,,0,1,0,1
531,1998,1998-06-15,Group stage,1,Away,Colombia,0,,1,0,0,0
531,1998,1998-06-15,Group stage,1,Home,Romania,1,,0,1,0,1
532,1998,1998-06-15,Group stage,1,Away,United States,0,,2,0,0,0
532,1998,1998-06-15,Group stage,1,Home,Germany,2,,0,1,0,1
533,1998,1998-06-16,Group stage,1,Away,Norway,1,,1,0,0,0
533,1998,1998-06-16,Group stage,1,Home,Scotland,1,,1,0,0,0
534,1998,1998-06-16,Group stage,1,Away,Morocco,0,,3,0,0,0
534,1998,1998-06-16,Group stage,1,Home,Brazil,3,,0,1,0,1
535,1998,1998-06-17,Group stage,1,Away,Austria,1,,1,0,0,0
535,1998,1998-06-17,Group stage,1,Home,Chile,1,,1,0,0,0
536,1998,1998-06-17,Group stage,1,Away,Cameroon,0,,3,0,0,0
536,1998,1998-06-17,Group stage,1,Home,Italy,3,,0,1,0,1
537,1998,1998-06-18,Group stage,1,Away,Denmark,1,,1,0,0,0
537,1998,1998-06-18,Group stage,1,Home,South Africa,1,,1,0,0,0
538,1998,1998-06-18,Group stage,1,Away,Saudi Arabia,0,,4,0,0,0
538,1998,1998-06-18,Group stage,1,Home,France,4,,0,1,0,1
539,1998,1998-06-19,Group stage,1,Away,Bulgaria,0,,1,0,0,0
539,1998,1998-06-19,Group stage,1,Home,Nigeria,1,,0,1,0,1
540,1998,1998-06-19,Group stage,1,Away,Paraguay,0,,0,0,0,0
540,1998,1998-06-19,Group stage,1,Home,Spain,0,,0,0,0,0
541,1998,1998-06-20,Group stage,1,Away,Croatia,1,,0,1,0,1
541,1998,1998-06-20,Group stage,1,Home,Japan,0,,1,0,0,0
542,1998,1998-06-20,Group stage,1,Away,Mexico,2,,2,0,0,0
542,1998,1998-06-20,Group stage,1,Home,Belgium,2,,2,0,0,0
543,1998,1998-06-20,Group stage,1,Away,South Korea,0,,5,0,0,0
543,1998,1998-06-20,Group stage,1,Home,Netherlands,5,,0,1,0,1
544,1998,1998-06-21,Group stage,1,Away,Yugoslavia,2,,2,0,0,0
544,1998,1998-06-21,Group stage,1,Home,Germany,2,,2,0,0,0
545,1998,1998-06-21,Group stage,1,Away,Jamaica,0,,5,0,0,0
545,1998,1998-06-21,Group stage,1,Home,Argentina,5,,0,1,0,1
546,1998,1998-06-21,Group stage,1,Away,Iran,2,,1,1,0,1
546,1998,1998-06-21,Group stage,1,Home,United States,1,,2,0,0,0
547,1998,1998-06-22,Group stage,1,Away,Tunisia,0,,1,0,0,0
547,1998,1998-06-22,Group stage,1,Home,Colombia,1,,0,1,0,1
548,1998,1998-06-22,Group stage,1,Away,England,1,,2,0,0,0
548,1998,1998-06-22,Group stage,1,Home,Romania,2,,1,1,0,1
549,1998,1998-06-23,Group stage,1,Away,Austria,1,,2,0,0,0
549,1998,1998-06-23,Group stage,1,Home,Italy,2,,1,1,0,1
550,1998,1998-06-23,Group stage,1,Away,Cameroon,1,,1,0,0,0
550,1998,1998-06-23,Group stage,1,Home,Chile,1,,1,0,0,0
551,1998,1998-06-23,Group stage,1,Away,Morocco,3,,0,1,0,1
551,1998,1998-06-23,Group stage,1,Home,Scotland,0,,3,0,0,0
552,1998,1998-06-23,Group stage,1,Away,Norway,2,,1,1,0,1
552,1998,1998-06-23,Group stage,1,Home,Brazil,1,,2,0,0,0
553,1998,1998-06-24,Group stage,1,Away,Denmark,1,,2,0,0,0
553,1998,1998-06-24,Group stage,1,Home,France,2,,1,1,0,1
554,1998,1998-06-24,Group stage,1,Away,Saudi Arabia,2,,2,0,0,0
554,1998,1998-06-24,Group stage,1,Home,South Africa,2,,2,0,0,0
555,1998,1998-06-24,Group stage,1,Away,Bulgaria,1,,6,0,0,0
555,1998,1998-06-24,Group stage,1,Home,Spain,6,,1,1,0,1
556,1998,1998-06-24,Group stage,1,Away,Paraguay,3,,1,1,0,1
556,1998,1998-06-24,Group stage,1,Home,Nigeria,1,,3,0,0,0
557,1998,1998-06-25,Group stage,1,Away,South Korea,1,,1,0,0,0
557,1998,1998-06-25,Group stage,1,Home,Belgium,1,,1,0,0,0
558,1998,1998-06-25,Group stage,1,Away,Mexico,2,,2,0,0,0
558,1998,1998-06-25,Group stage,1,Home,Netherlands,2,,2,0,0,0
559,1998,1998-06-25,Group stage,1,Away,Iran,0,,2,0,0,0
559,1998,1998-06-25,Group stage,1,Home,Germany,2,,0,1,0,1
560,1998,1998-06-25,Group stage,1,Away,Yugoslavia,1,,0,1,0,1
560,1998,1998-06-25,Group stage,1,Home,United States,0,,1,0,0,0
561,1998,1998-06-26,Group stage,1,Away,Jamaica,2,,1,1,0,1
561,1998,1998-06-26,Group stage,1,Home,Japan,1,,2,0,0,0
562,1998,1998-06-26,Group stage,1,Away,Croatia,0,,1,0,0,0
562,1998,1998-06-26,Group stage,1,Home,Argentina,1,,0,1,0,1
563,1998,1998-06-26,Group stage,1,Away,Tunisia,1,,1,0,0,0
563,1998,1998-06-26,Group stage,1,Home,Romania,1,,1,0,0,0
564,1998,1998-06-26,Group stage,1,Away,England,2,,0,1,0,1
564,1998,1998-06-26,Group stage,1,Home,Colombia,0,,2,0,0,0
644,2002,2002-06-30,Final,6,Away,Brazil,2,,0,1,0,1
644,2002,2002-06-30,Final,6,Home,Germany,0,,2,0,0,0
643,2002,2002-06-29,Third place,5,Away,Turkey,3,,2,1,0,1
643,2002,2002-06-29,Third place,5,Home,South Korea,2,,3,0,0,0
641,2002,2002-06-25,Semi-finals,4,Away,Germany,1,,0,1,0,1
641,2002,2002-06-25,Semi-finals,4,Home,South Korea,0,,1,0,0,0
642,2002,2002-06-26,Semi-finals,4,Away,Turkey,0,,1,0,0,0
642,2002,2002-06-26,Semi-finals,4,Home,Brazil,1,,0,1,0,1
637,2002,2002-06-21,Quarter-finals,3,Away,Brazil,2,,1,1,0,1
637,2002,2002-06-21,Quarter-finals,3,Home,England,1,,2,0,0,0
638,2002,2002-06-21,Quarter-finals,3,Away,United States,0,,1,0,0,0
638,2002,2002-06-21,Quarter-finals,3,Home,Germany,1,,0,1,0,1
639,2002,2002-06-22,Quarter-finals,3,Away,Spain,0,South,0,0,0,0
639,2002,2002-06-22,Quarter-finals,3,Home,South Korea,0,South,0,0,0,0
640,2002,2002-06-22,Quarter-finals,3,Away,Turkey,1,,0,1,0,1
640,2002,2002-06-22,Quarter-finals,3,Home,Senegal,0,,1,0,0,0
629,2002,2002-06-15,Round of 16,2,Away,Paraguay,0,,1,0,0,0
629,2002,2002-06-15,Round of 16,2,Home,Germany,1,,0,1,0,1
630,2002,2002-06-15,Round of 16,2,Away,England,3,,0,1,0,1
630,2002,2002-06-15,Round of 16,2,Home,Denmark,0,,3,0,0,0
631,2002,2002-06-16,Round of 16,2,Away,Senegal,2,,1,1,0,1
631,2002,2002-06-16,Round of 16,2,Home,Sweden,1,,2,0,0,0
632,2002,2002-06-16,Round of 16,2,Away,Republic of Ireland,1,Spain,1,0,0,0
632,2002,2002-06-16,Round of 16,2,Home,Spain,1,Spain,1,0,1,1
633,2002,2002-06-17,Round of 16,2,Away,United States,2,,0,1,0,1
633,2002,2002-06-17,Round of 16,2,Home,Mexico,0,,2,0,0,0
634,2002,2002-06-17,Round of 16,2,Away,Belgium,0,,2,0,0,0
634,2002,2002-06-17,Round of 16,2,Home,Brazil,2,,0,1,0,1
635,2002,2002-06-18,Round of 16,2,Away,Turkey,1,,0,1,0,1
635,2002,2002-06-18,Round of 16,2,Home,Japan,0,,1,0,0,0
636,2002,2002-06-18,Round of 16,2,Away,Italy,1,,2,0,0,0
636,2002,2002-06-18,Round of 16,2,Home,South Korea,2,,1,1,0,1
581,2002,2002-05-31,Group stage,1,Away,Senegal,1,,0,1,0,1
581,2002,2002-05-31,Group stage,1,Home,France,0,,1,0,0,0
582,2002,2002-06-01,Group stage,1,Away,Cameroon,1,,1,0,0,0
582,2002,2002-06-01,Group stage,1,Home,Republic of Ireland,1,,1,0,0,0
583,2002,2002-06-01,Group stage,1,Away,Denmark,2,,1,1,0,1
583,2002,2002-06-01,Group stage,1,Home,Uruguay,1,,2,0,0,0
584,2002,2002-06-01,Group stage,1,Away,Saudi Arabia,0,,8,0,0,0
584,2002,2002-06-01,Group stage,1,Home,Germany,8,,0,1,0,1
585,2002,2002-06-02,Group stage,1,Away,Nigeria,0,,1,0,0,0
585,2002,2002-06-02,Group stage,1,Home,Argentina,1,,0,1,0,1
586,2002,2002-06-02,Group stage,1,Away,South Africa,2,,2,0,0,0
586,2002,2002-06-02,Group stage,1,Home,Paraguay,2,,2,0,0,0
587,2002,2002-06-02,Group stage,1,Away,Sweden,1,,1,0,0,0
587,2002,2002-06-02,Group stage,1,Home,England,1,,1,0,0,0
588,2002,2002-06-02,Group stage,1,Away,Slovenia,1,,3,0,0,0
588,2002,2002-06-02,Group stage,1,Home,Spain,3,,1,1,0,1
589,2002,2002-06-03,Group stage,1,Away,Mexico,1,,0,1,0,1
589,2002,2002-06-03,Group stage,1,Home,Croatia,0,,1,0,0,0
590,2002,2002-06-03,Group stage,1,Away,Turkey,1,,2,0,0,0
590,2002,2002-06-03,Group stage,1,Home,Brazil,2,,1,1,0,1
591,2002,2002-06-03,Group stage,1,Away,Ecuador,0,,2,0,0,0
591,2002,2002-06-03,Group stage,1,Home,Italy,2,,0,1,0,1
592,2002,2002-06-04,Group stage,1,Away,Costa Rica,2,,0,1,0,1
592,2002,2002-06-04,Group stage,1,Home,China,0,,2,0,0,0
593,2002,2002-06-04,Group stage,1,Away,Belgium,2,,2,0,0,0
593,2002,2002-06-04,Group stage,1,Home,Japan,2,,2,0,0,0
594,2002,2002-06-04,Group stage,1,Away,Poland,0,,2,0,0,0
594,2002,2002-06-04,Group stage,1,Home,South Korea,2,,0,1,0,1
595,2002,2002-06-05,Group stage,1,Away,Tunisia,0,,2,0,0,0
595,2002,2002-06-05,Group stage,1,Home,Russia,2,,0,1,0,1
596,2002,2002-06-05,Group stage,1,Away,Portugal,2,,3,0,0,0
596,2002,2002-06-05,Group stage,1,Home,United States,3,,2,1,0,1
597,2002,2002-06-05,Group stage,1,Away,Republic of Ireland,1,,1,0,0,0
597,2002,2002-06-05,Group stage,1,Home,Germany,1,,1,0,0,0
598,2002,2002-06-06,Group stage,1,Away,Senegal,1,,1,0,0,0
598,2002,2002-06-06,Group stage,1,Home,Denmark,1,,1,0,0,0
599,2002,2002-06-06,Group stage,1,Away,Saudi Arabia,0,,1,0,0,0
599,2002,2002-06-06,Group stage,1,Home,Cameroon,1,,0,1,0,1
600,2002,2002-06-06,Group stage,1,Away,Uruguay,0,,0,0,0,0
600,2002,2002-06-06,Group stage,1,Home,France,0,,0,0,0,0
601,2002,2002-06-07,Group stage,1,Away,Nigeria,1,,2,0,0,0
601,2002,2002-06-07,Group stage,1,Home,Sweden,2,,1,1,0,1
602,2002,2002-06-07,Group stage,1,Away,Paraguay,1,,3,0,0,0
602,2002,2002-06-07,Group stage,1,Home,Spain,3,,1,1,0,1
603,2002,2002-06-07,Group stage,1,Away,England,1,,0,1,0,1
603,2002,2002-06-07,Group stage,1,Home,Argentina,0,,1,0,0,0
604,2002,2002-06-08,Group stage,1,Away,Slovenia,0,,1,0,0,0
604,2002,2002-06-08,Group stage,1,Home,South Africa,1,,0,1,0,1
605,2002,2002-06-08,Group stage,1,Away,Croatia,2,,1,1,0,1
605,2002,2002-06-08,Group stage,1,Home,Italy,1,,2,0,0,0
606,2002,2002-06-08,Group stage,1,Away,China,0,,4,0,0,0
606,2002,2002-06-08,Group stage,1,Home,Brazil,4,,0,1,0,1
607,2002,2002-06-09,Group stage,1,Away,Ecuador,1,,2,0,0,0
607,2002,2002-06-09,Group stage,1,Home,Mexico,2,,1,1,0,1
608,2002,2002-06-09,Group stage,1,Away,Turkey,1,,1,0,0,0
608,2002,2002-06-09,Group stage,1,Home,Costa Rica,1,,1,0,0,0
609,2002,2002-06-09,Group stage,1,Away,Russia,0,,1,0,0,0
609,2002,2002-06-09,Group stage,1,Home,Japan,1,,0,1,0,1
610,2002,2002-06-10,Group stage,1,Away,United States,1,,1,0,0,0
610,2002,2002-06-10,Group stage,1,Home,South Korea,1,,1,0,0,0
611,2002,2002-06-10,Group stage,1,Away,Belgium,1,,1,0,0,0
611,2002,2002-06-10,Group stage,1,Home,Tunisia,1,,1,0,0,0
612,2002,2002-06-10,Group stage,1,Away,Poland,0,,4,0,0,0
612,2002,2002-06-10,Group stage,1,Home,Portugal,4,,0,1,0,1
613,2002,2002-06-11,Group stage,1,Away,France,0,,2,0,0,0
613,2002,2002-06-11,Group stage,1,Home,Denmark,2,,0,1,0,1
614,2002,2002-06-11,Group stage,1,Away,Uruguay,3,,3,0,0,0
614,2002,2002-06-11,Group stage,1,Home,Senegal,3,,3,0,0,0
615,2002,2002-06-11,Group stage,1,Away,Republic of Ireland,3,,0,1,0,1
615,2002,2002-06-11,Group stage,1,Home,Saudi Arabia,0,,3,0,0,0
616,2002,2002-06-11,Group stage,1,Away,Germany,2,,0,1,0,1
616,2002,2002-06-11,Group stage,1,Home,Cameroon,0,,2,0,0,0
617,2002,2002-06-12,Group stage,1,Away,Argentina,1,,1,0,0,0
617,2002,2002-06-12,Group stage,1,Home,Sweden,1,,1,0,0,0
618,2002,2002-06-12,Group stage,1,Away,England,0,,0,0,0,0
618,2002,2002-06-12,Group stage,1,Home,Nigeria,0,,0,0,0,0
619,2002,2002-06-12,Group stage,1,Away,Paraguay,3,,1,1,0,1
619,2002,2002-06-12,Group stage,1,Home,Slovenia,1,,3,0,0,0
620,2002,2002-06-12,Group stage,1,Away,Spain,3,,2,1,0,1
620,2002,2002-06-12,Group stage,1,Home,South Africa,2,,3,0,0,0
621,2002,2002-06-13,Group stage,1,Away,Brazil,5,,2,1,0,1
621,2002,2002-06-13,Group stage,1,Home,Costa Rica,2,,5,0,0,0
622,2002,2002-06-13,Group stage,1,Away,China,0,,3,0,0,0
622,2002,2002-06-13,Group stage,1,Home,Turkey,3,,0,1,0,1
623,2002,2002-06-13,Group stage,1,Away,Croatia,0,,1,0,0,0
623,2002,2002-06-13,Group stage,1,Home,Ecuador,1,,0,1,0,1
624,2002,2002-06-13,Group stage,1,Away,Italy,1,,1,0,0,0
624,2002,2002-06-13,Group stage,1,Home,Mexico,1,,1,0,0,0
625,2002,2002-06-14,Group stage,1,Away,Tunisia,0,,2,0,0,0
625,2002,2002-06-14,Group stage,1,Home,Japan,2,,0,1,0,1
626,2002,2002-06-14,Group stage,1,Away,Russia,2,,3,0,0,0
626,2002,2002-06-14,Group stage,1,Home,Belgium,3,,2,1,0,1
627,2002,2002-06-14,Group stage,1,Away,Portugal,0,,1,0,0,0
627,2002,2002-06-14,Group stage,1,Home,South Korea,1,,0,1,0,1
628,2002,2002-06-14,Group stage,1,Away,United States,1,,3,0,0,0
628,2002,2002-06-14,Group stage,1,Home,Poland,3,,1,1,0,1
708,2006,2006-07-09,Final,6,Away,France,1,Italy,1,0,0,0
708,2006,2006-07-09,Final,6,Home,Italy,1,Italy,1,0,1,1
707,2006,2006-07-08,Third place,5,Away,Portugal,1,,3,0,0,0
707,2006,2006-07-08,Third place,5,Home,Germany,3,,1,1,0,1
705,2006,2006-07-04,Semi-finals,4,Away,Italy,2,,0,1,0,1
705,2006,2006-07-04,Semi-finals,4,Home,Germany,0,,2,0,0,0
706,2006,2006-07-05,Semi-finals,4,Away,France,1,,0,1,0,1
706,2006,2006-07-05,Semi-finals,4,Home,Portugal,0,,1,0,0,0
701,2006,2006-06-30,Quarter-finals,3,Away,Argentina,1,Germany,1,0,0,0
701,2006,2006-06-30,Quarter-finals,3,Home,Germany,1,Germany,1,0,1,1
702,2006,2006-06-30,Quarter-finals,3,Away,Ukraine,0,,3,0,0,0
702,2006,2006-06-30,Quarter-finals,3,Home,Italy,3,,0,1,0,1
703,2006,2006-07-01,Quarter-finals,3,Away,Portugal,0,Portugal,0,0,1,1
703,2006,2006-07-01,Quarter-finals,3,Home,England,0,Portugal,0,0,0,0
704,2006,2006-07-01,Quarter-finals,3,Away,France,1,,0,1,0,1
704,2006,2006-07-01,Quarter-finals,3,Home,Brazil,0,,1,0,0,0
693,2006,2006-06-24,Round of 16,2,Away,Sweden,0,,2,0,0,0
693,2006,2006-06-24,Round of 16,2,Home,Germany,2,,0,1,0,1
694,2006,2006-06-24,Round of 16,2,Away,Mexico,1,,2,0,0,0
694,2006,2006-06-24,Round of 16,2,Home,Argentina,2,,1,1,0,1
695,2006,2006-06-25,Round of 16,2,Away,Ecuador,0,,1,0,0,0
695,2006,2006-06-25,Round of 16,2,Home,England,1,,0,1,0,1
696,2006,2006-06-25,Round of 16,2,Away,Netherlands,0,,1,0,0,0
696,2006,2006-06-25,Round of 16,2,Home,Portugal,1,,0,1,0,1
697,2006,2006-06-26,Round of 16,2,Away,Australia,0,,1,0,0,0
697,2006,2006-06-26,Round of 16,2,Home,Italy,1,,0,1,0,1
698,2006,2006-06-26,Round of 16,2,Away,Ukraine,0,Ukraine,0,0,1,1
698,2006,2006-06-26,Round of 16,2,Home,Switzerland,0,Ukraine,0,0,0,0
699,2006,2006-06-27,Round of 16,2,Away,Ghana,0,,3,0,0,0
699,2006,2006-06-27,Round of 16,2,Home,Brazil,3,,0,1,0,1
700,2006,2006-06-27,Round of 16,2,Away,France,3,,1,1,0,1
700,2006,2006-06-27,Round of 16,2,Home,Spain,1,,3,0,0,0
645,2006,2006-06-09,Group stage,1,Away,Costa Rica,2,,4,0,0,0
645,2006,2006-06-09,Group stage,1,Home,Germany,4,,2,1,0,1
646,2006,2006-06-09,Group stage,1,Away,Ecuador,2,,0,1,0,1
646,2006,2006-06-09,Group stage,1,Home,Poland,0,,2,0,0,0
647,2006,2006-06-10,Group stage,1,Away,Paraguay,0,,1,0,0,0
647,2006,2006-06-10,Group stage,1,Home,England,1,,0,1,0,1
648,2006,2006-06-10,Group stage,1,Away,Sweden,0,,0,0,0,0
648,2006,2006-06-10,Group stage,1,Home,Trinidad and Tobago,0,,0,0,0,0
649,2006,2006-06-10,Group stage,1,Away,Ivory Coast,1,,2,0,0,0
649,2006,2006-06-10,Group stage,1,Home,Argentina,2,,1,1,0,1
650,2006,2006-06-11,Group stage,1,Away,Netherlands,1,,0,1,0,1
650,2006,2006-06-11,Group stage,1,Home,Serbia,0,,1,0,0,0
651,2006,2006-06-11,Group stage,1,Away,Iran,1,,3,0,0,0
651,2006,2006-06-11,Group stage,1,Home,Mexico,3,,1,1,0,1
652,2006,2006-06-11,Group stage,1,Away,Portugal,1,,0,1,0,1
652,2006,2006-06-11,Group stage,1,Home,Angola,0,,1,0,0,0
653,2006,2006-06-12,Group stage,1,Away,Japan,1,,3,0,0,0
653,2006,2006-06-12,Group stage,1,Home,Australia,3,,1,1,0,1
654,2006,2006-06-12,Group stage,1,Away,Czech Republic,3,,0,1,0,1
654,2006,2006-06-12,Group stage,1,Home,United States,0,,3,0,0,0
655,2006,2006-06-12,Group stage,1,Away,Ghana,0,,2,0,0,0
655,2006,2006-06-12,Group stage,1,Home,Italy,2,,0,1,0,1
656,2006,2006-06-13,Group stage,1,Away,Togo,1,,2,0,0,0
656,2006,2006-06-13,Group stage,1,Home,South Korea,2,,1,1,0,1
657,2006,2006-06-13,Group stage,1,Away,Switzerland,0,,0,0,0,0
657,2006,2006-06-13,Group stage,1,Home,France,0,,0,0,0,0
658,2006,2006-06-13,Group stage,1,Away,Croatia,0,,1,0,0,0
658,2006,2006-06-13,Group stage,1,Home,Brazil,1,,0,1,0,1
659,2006,2006-06-14,Group stage,1,Away,Ukraine,0,,4,0,0,0
659,2006,2006-06-14,Group stage,1,Home,Spain,4,,0,1,0,1
660,2006,2006-06-14,Group stage,1,Away,Saudi Arabia,2,,2,0,0,0
660,2006,2006-06-14,Group stage,1,Home,Tunisia,2,,2,0,0,0
661,2006,2006-06-14,Group stage,1,Away,Poland,0,,1,0,0,0
661,2006,2006-06-14,Group stage,1,Home,Germany,1,,0,1,0,1
662,2006,2006-06-15,Group stage,1,Away,Costa Rica,0,,3,0,0,0
662,2006,2006-06-15,Group stage,1,Home,Ecuador,3,,0,1,0,1
663,2006,2006-06-15,Group stage,1,Away,Trinidad and Tobago,0,,2,0,0,0
663,2006,2006-06-15,Group stage,1,Home,England,2,,0,1,0,1
664,2006,2006-06-15,Group stage,1,Away,Paraguay,0,,1,0,0,0
664,2006,2006-06-15,Group stage,1,Home,Sweden,1,,0,1,0,1
665,2006,2006-06-16,Group stage,1,Away,Serbia,0,,6,0,0,0
665,2006,2006-06-16,Group stage,1,Home,Argentina,6,,0,1,0,1
666,2006,2006-06-16,Group stage,1,Away,Ivory Coast,1,,2,0,0,0
666,2006,2006-06-16,Group stage,1,Home,Netherlands,2,,1,1,0,1
667,2006,2006-06-16,Group stage,1,Away,Angola,0,,0,0,0,0
667,2006,2006-06-16,Group stage,1,Home,Mexico,0,,0,0,0,0
668,2006,2006-06-17,Group stage,1,Away,Iran,0,,2,0,0,0
668,2006,2006-06-17,Group stage,1,Home,Portugal,2,,0,1,0,1
669,2006,2006-06-17,Group stage,1,Away,Ghana,2,,0,1,0,1
669,2006,2006-06-17,Group stage,1,Home,Czech Republic,0,,2,0,0,0
670,2006,2006-06-17,Group stage,1,Away,United States,1,,1,0,0,0
670,2006,2006-06-17,Group stage,1,Home,Italy,1,,1,0,0,0
671,2006,2006-06-18,Group stage,1,Away,Croatia,0,,0,0,0,0
671,2006,2006-06-18,Group stage,1,Home,Japan,0,,0,0,0,0
672,2006,2006-06-18,Group stage,1,Away,Australia,0,,2,0,0,0
672,2006,2006-06-18,Group stage,1,Home,Brazil,2,,0,1,0,1
673,2006,2006-06-18,Group stage,1,Away,South Korea,1,,1,0,0,0
673,2006,2006-06-18,Group stage,1,Home,France,1,,1,0,0,0
674,2006,2006-06-19,Group stage,1,Away,Switzerland,2,,0,1,0,1
674,2006,2006-06-19,Group stage,1,Home,Togo,0,,2,0,0,0
675,2006,2006-06-19,Group stage,1,Away,Ukraine,4,,0,1,0,1
675,2006,2006-06-19,Group stage,1,Home,Saudi Arabia,0,,4,0,0,0
676,2006,2006-06-19,Group stage,1,Away,Tunisia,1,,3,0,0,0
676,2006,2006-06-19,Group stage,1,Home,Spain,3,,1,1,0,1
677,2006,2006-06-20,Group stage,1,Away,Ecuador,0,,3,0,0,0
677,2006,2006-06-20,Group stage,1,Home,Germany,3,,0,1,0,1
678,2006,2006-06-20,Group stage,1,Away,Poland,2,,1,1,0,1
678,2006,2006-06-20,Group stage,1,Home,Costa Rica,1,,2,0,0,0
679,2006,2006-06-20,Group stage,1,Away,England,2,,2,0,0,0
679,2006,2006-06-20,Group stage,1,Home,Sweden,2,,2,0,0,0
680,2006,2006-06-20,Group stage,1,Away,Trinidad and Tobago,0,,2,0,0,0
680,2006,2006-06-20,Group stage,1,Home,Paraguay,2,,0,1,0,1
681,2006,2006-06-21,Group stage,1,Away,Angola,1,,1,0,0,0
681,2006,2006-06-21,Group stage,1,Home,Iran,1,,1,0,0,0
682,2006,2006-06-21,Group stage,1,Away,Mexico,1,,2,0,0,0
682,2006,2006-06-21,Group stage,1,Home,Portugal,2,,1,1,0,1
683,2006,2006-06-21,Group stage,1,Away,Argentina,0,,0,0,0,0
683,2006,2006-06-21,Group stage,1,Home,Netherlands,0,,0,0,0,0
684,2006,2006-06-21,Group stage,1,Away,Serbia,2,,3,0,0,0
684,2006,2006-06-21,Group stage,1,Home,Ivory Coast,3,,2,1,0,1
685,2006,2006-06-22,Group stage,1,Away,Italy,2,,0,1,0,1
685,2006,2006-06-22,Group stage,1,Home,Czech Republic,0,,2,0,0,0
686,2006,2006-06-22,Group stage,1,Away,United States,1,,2,0,0,0
686,2006,2006-06-22,Group stage,1,Home,Ghana,2,,1,1,0,1
687,2006,2006-06-22,Group stage,1,Away,Brazil,4,,1,1,0,1
687,2006,2006-06-22,Group stage,1,Home,Japan,1,,4,0,0,0
688,2006,2006-06-22,Group stage,1,Away,Australia,2,,2,0,0,0
688,2006,2006-06-22,Group stage,1,Home,Croatia,2,,2,0,0,0
689,2006,2006-06-23,Group stage,1,Away,Tunisia,0,,1,0,0,0
689,2006,2006-06-23,Group stage,1,Home,Ukraine,1,,0,1,0,1
690,2006,2006-06-23,Group stage,1,Away,Spain,1,,0,1,0,1
690,2006,2006-06-23,Group stage,1,Home,Saudi Arabia,0,,1,0,0,0
691,2006,2006-06-23,Group stage,1,Away,France,2,,0,1,0,1
691,2006,2006-06-23,Group stage,1,Home,Togo,0,,2,0,0,0
692,2006,2006-06-23,Group stage,1,Away,South Korea,0,,2,0,0,0
692,2006,2006-06-23,Group stage,1,Home,Switzerland,2,,0,1,0,1
772,2010,2010-07-11,Final,6,Away,Spain,1,,0,1,0,1
772,2010,2010-07-11,Final,6,Home,Netherlands,0,,1,0,0,0
771,2010,2010-07-10,Third place,5,Away,Germany,3,,2,1,0,1
771,2010,2010-07-10,Third place,5,Home,Uruguay,2,,3,0,0,0
769,2010,2010-07-06,Semi-finals,4,Away,Netherlands,3,,2,1,0,1
769,2010,2010-07-06,Semi-finals,4,Home,Uruguay,2,,3,0,0,0
770,2010,2010-07-07,Semi-finals,4,Away,Spain,1,,0,1,0,1
770,2010,2010-07-07,Semi-finals,4,Home,Germany,0,,1,0,0,0
765,2010,2010-07-02,Quarter-finals,3,Away,Brazil,1,,2,0,0,0
765,2010,2010-07-02,Quarter-finals,3,Home,Netherlands,2,,1,1,0,1
766,2010,2010-07-02,Quarter-finals,3,Away,Ghana,1,Uruguay,1,0,0,0
766,2010,2010-07-02,Quarter-finals,3,Home,Uruguay,1,Uruguay,1,0,1,1
767,2010,2010-07-03,Quarter-finals,3,Away,Germany,4,,0,1,0,1
767,2010,2010-07-03,Quarter-finals,3,Home,Argentina,0,,4,0,0,0
768,2010,2010-07-03,Quarter-finals,3,Away,Spain,1,,0,1,0,1
768,2010,2010-07-03,Quarter-finals,3,Home,Paraguay,0,,1,0,0,0
757,2010,2010-06-26,Round of 16,2,Away,South Korea,1,,2,0,0,0
757,2010,2010-06-26,Round of 16,2,Home,Uruguay,2,,1,1,0,1
758,2010,2010-06-26,Round of 16,2,Away,Ghana,2,,1,1,0,1
758,2010,2010-06-26,Round of 16,2,Home,United States,1,,2,0,0,0
759,2010,2010-06-27,Round of 16,2,Away,England,1,,4,0,0,0
759,2010,2010-06-27,Round of 16,2,Home,Germany,4,,1,1,0,1
760,2010,2010-06-27,Round of 16,2,Away,Mexico,1,,3,0,0,0
760,2010,2010-06-27,Round of 16,2,Home,Argentina,3,,1,1,0,1
761,2010,2010-06-28,Round of 16,2,Away,Slovakia,1,,2,0,0,0
761,2010,2010-06-28,Round of 16,2,Home,Netherlands,2,,1,1,0,1
762,2010,2010-06-28,Round of 16,2,Away,Chile,0,,3,0,0,0
762,2010,2010-06-28,Round of 16,2,Home,Brazil,3,,0,1,0,1
763,2010,2010-06-29,Round of 16,2,Away,Japan,0,Paraguay,0,0,0,0
763,2010,2010-06-29,Round of 16,2,Home,Paraguay,0,Paraguay,0,0,1,1
764,2010,2010-06-29,Round of 16,2,Away,Portugal,0,,1,0,0,0
764,2010,2010-06-29,Round of 16,2,Home,Spain,1,,0,1,0,1
709,2010,2010-06-11,Group stage,1,Away,Mexico,1,,1,0,0,0
709,2010,2010-06-11,Group stage,1,Home,South Africa,1,,1,0,0,0
710,2010,2010-06-11,Group stage,1,Away,France,0,,0,0,0,0
710,2010,2010-06-11,Group stage,1,Home,Uruguay,0,,0,0,0,0
711,2010,2010-06-12,Group stage,1,Away,Greece,0,,2,0,0,0
711,2010,2010-06-12,Group stage,1,Home,South Korea,2,,0,1,0,1
712,2010,2010-06-12,Group stage,1,Away,Nigeria,0,,1,0,0,0
712,2010,2010-06-12,Group stage,1,Home,Argentina,1,,0,1,0,1
713,2010,2010-06-12,Group stage,1,Away,United States,1,,1,0,0,0
713,2010,2010-06-12,Group stage,1,Home,England,1,,1,0,0,0
714,2010,2010-06-13,Group stage,1,Away,Slovenia,1,,0,1,0,1
714,2010,2010-06-13,Group stage,1,Home,Algeria,0,,1,0,0,0
715,2010,2010-06-13,Group stage,1,Away,Ghana,1,,0,1,0,1
715,2010,2010-06-13,Group stage,1,Home,Serbia,0,,1,0,0,0
716,2010,2010-06-13,Group stage,1,Away,Australia,0,,4,0,0,0
716,2010,2010-06-13,Group stage,1,Home,Germany,4,,0,1,0,1
717,2010,2010-06-14,Group stage,1,Away,Denmark,0,,2,0,0,0
717,2010,2010-06-14,Group stage,1,Home,Netherlands,2,,0,1,0,1
718,2010,2010-06-14,Group stage,1,Away,Cameroon,0,,1,0,0,0
718,2010,2010-06-14,Group stage,1,Home,Japan,1,,0,1,0,1
719,2010,2010-06-14,Group stage,1,Away,Paraguay,1,,1,0,0,0
719,2010,2010-06-14,Group stage,1,Home,Italy,1,,1,0,0,0
720,2010,2010-06-15,Group stage,1,Away,Slovakia,1,,1,0,0,0
720,2010,2010-06-15,Group stage,1,Home,New Zealand,1,,1,0,0,0
721,2010,2010-06-15,Group stage,1,Away,Portugal,0,,0,0,0,0
721,2010,2010-06-15,Group stage,1,Home,Ivory Coast,0,,0,0,0,0
722,2010,2010-06-15,Group stage,1,Away,North Korea,1,,2,0,0,0
722,2010,2010-06-15,Group stage,1,Home,Brazil,2,,1,1,0,1
723,2010,2010-06-16,Group stage,1,Away,Chile,1,,0,1,0,1
723,2010,2010-06-16,Group stage,1,Home,Honduras,0,,1,0,0,0
724,2010,2010-06-16,Group stage,1,Away,Switzerland,1,,0,1,0,1
724,2010,2010-06-16,Group stage,1,Home,Spain,0,,1,0,0,0
725,2010,2010-06-16,Group stage,1,Away,Uruguay,3,,0,1,0,1
725,2010,2010-06-16,Group stage,1,Home,South Africa,0,,3,0,0,0
726,2010,2010-06-17,Group stage,1,Away,South Korea,1,,4,0,0,0
726,2010,2010-06-17,Group stage,1,Home,Argentina,4,,1,1,0,1
727,2010,2010-06-17,Group stage,1,Away,Nigeria,1,,2,0,0,0
727,2010,2010-06-17,Group stage,1,Home,Greece,2,,1,1,0,1
728,2010,2010-06-17,Group stage,1,Away,Mexico,2,,0,1,0,1
728,2010,2010-06-17,Group stage,1,Home,France,0,,2,0,0,0
729,2010,2010-06-18,Group stage,1,Away,Serbia,1,,0,1,0,1
729,2010,2010-06-18,Group stage,1,Home,Germany,0,,1,0,0,0
730,2010,2010-06-18,Group stage,1,Away,United States,2,,2,0,0,0
730,2010,2010-06-18,Group stage,1,Home,Slovenia,2,,2,0,0,0
731,2010,2010-06-18,Group stage,1,Away,Algeria,0,,0,0,0,0
731,2010,2010-06-18,Group stage,1,Home,England,0,,0,0,0,0
732,2010,2010-06-19,Group stage,1,Away,Japan,0,,1,0,0,0
732,2010,2010-06-19,Group stage,1,Home,Netherlands,1,,0,1,0,1
733,2010,2010-06-19,Group stage,1,Away,Australia,1,,1,0,0,0
733,2010,2010-06-19,Group stage,1,Home,Ghana,1,,1,0,0,0
734,2010,2010-06-19,Group stage,1,Away,Denmark,2,,1,1,0,1
734,2010,2010-06-19,Group stage,1,Home,Cameroon,1,,2,0,0,0
735,2010,2010-06-20,Group stage,1,Away,Paraguay,2,,0,1,0,1
735,2010,2010-06-20,Group stage,1,Home,Slovakia,0,,2,0,0,0
736,2010,2010-06-20,Group stage,1,Away,New Zealand,1,,1,0,0,0
736,2010,2010-06-20,Group stage,1,Home,Italy,1,,1,0,0,0
737,2010,2010-06-20,Group stage,1,Away,Ivory Coast,1,,3,0,0,0
737,2010,2010-06-20,Group stage,1,Home,Brazil,3,,1,1,0,1
738,2010,2010-06-21,Group stage,1,Away,North Korea,0,,7,0,0,0
738,2010,2010-06-21,Group stage,1,Home,Portugal,7,,0,1,0,1
739,2010,2010-06-21,Group stage,1,Away,Switzerland,0,,1,0,0,0
739,2010,2010-06-21,Group stage,1,Home,Chile,1,,0,1,0,1
740,2010,2010-06-21,Group stage,1,Away,Honduras,0,,2,0,0,0
740,2010,2010-06-21,Group stage,1,Home,Spain,2,,0,1,0,1
741,2010,2010-06-22,Group stage,1,Away,Uruguay,1,,0,1,0,1
741,2010,2010-06-22,Group stage,1,Home,Mexico,0,,1,0,0,0
742,2010,2010-06-22,Group stage,1,Away,France,1,,2,0,0,0
742,2010,2010-06-22,Group stage,1,Home,South Africa,2,,1,1,0,1
743,2010,2010-06-22,Group stage,1,Away,South Korea,2,,2,0,0,0
743,2010,2010-06-22,Group stage,1,Home,Nigeria,2,,2,0,0,0
744,2010,2010-06-22,Group stage,1,Away,Argentina,2,,0,1,0,1
744,2010,2010-06-22,Group stage,1,Home,Greece,0,,2,0,0,0
745,2010,2010-06-23,Group stage,1,Away,England,1,,0,1,0,1
745,2010,2010-06-23,Group stage,1,Home,Slovenia,0,,1,0,0,0
746,2010,2010-06-23,Group stage,1,Away,Algeria,0,,1,0,0,0
746,2010,2010-06-23,Group stage,1,Home,United States,1,,0,1,0,1
747,2010,2010-06-23,Group stage,1,Away,Germany,1,,0,1,0,1
747,2010,2010-06-23,Group stage,1,Home,Ghana,0,,1,0,0,0
748,2010,2010-06-23,Group stage,1,Away,Serbia,1,,2,0,0,0
748,2010,2010-06-23,Group stage,1,Home,Australia,2,,1,1,0,1
749,2010,2010-06-24,Group stage,1,Away,Italy,2,,3,0,0,0
749,2010,2010-06-24,Group stage,1,Home,Slovakia,3,,2,1,0,1
750,2010,2010-06-24,Group stage,1,Away,New Zealand,0,,0,0,0,0
750,2010,2010-06-24,Group stage,1,Home,Paraguay,0,,0,0,0,0
751,2010,2010-06-24,Group stage,1,Away,Japan,3,,1,1,0,1
751,2010,2010-06-24,Group stage,1,Home,Denmark,1,,3,0,0,0
752,2010,2010-06-24,Group stage,1,Away,Netherlands,2,,1,1,0,1
752,2010,2010-06-24,Group stage,1,Home,Cameroon,1,,2,0,0,0
753,2010,2010-06-25,Group stage,1,Away,Brazil,0,,0,0,0,0
753,2010,2010-06-25,Group stage,1,Home,Portugal,0,,0,0,0,0
754,2010,2010-06-25,Group stage,1,Away,Ivory Coast,3,,0,1,0,1
754,2010,2010-06-25,Group stage,1,Home,North Korea,0,,3,0,0,0
755,2010,2010-06-25,Group stage,1,Away,Spain,2,,1,1,0,1
755,2010,2010-06-25,Group stage,1,Home,Chile,1,,2,0,0,0
756,2010,2010-06-25,Group stage,1,Away,Honduras,0,,0,0,0,0
756,2010,2010-06-25,Group stage,1,Home,Switzerland,0,,0,0,0,0
836,2014,2014-07-13,Final,6,Away,Argentina,0,,1,0,0,0
836,2014,2014-07-13,Final,6,Home,Germany,1,,0,1,0,1
835,2014,2014-07-12,Third place,5,Away,Netherlands,3,,0,1,0,1
835,2014,2014-07-12,Third place,5,Home,Brazil,0,,3,0,0,0
833,2014,2014-07-08,Semi-finals,4,Away,Germany,7,,1,1,0,1
833,2014,2014-07-08,Semi-finals,4,Home,Brazil,1,,7,0,0,0
834,2014,2014-07-09,Semi-finals,4,Away,Argentina,0,Argentina,0,0,1,1
834,2014,2014-07-09,Semi-finals,4,Home,Netherlands,0,Argentina,0,0,0,0
829,2014,2014-07-04,Quarter-finals,3,Away,Germany,1,,0,1,0,1
829,2014,2014-07-04,Quarter-finals,3,Home,France,0,,1,0,0,0
830,2014,2014-07-04,Quarter-finals,3,Away,Colombia,1,,2,0,0,0
830,2014,2014-07-04,Quarter-finals,3,Home,Brazil,2,,1,1,0,1
831,2014,2014-07-05,Quarter-finals,3,Away,Belgium,0,,1,0,0,0
831,2014,2014-07-05,Quarter-finals,3,Home,Argentina,1,,0,1,0,1
832,2014,2014-07-05,Quarter-finals,3,Away,Costa Rica,0,Netherlands,0,0,0,0
832,2014,2014-07-05,Quarter-finals,3,Home,Netherlands,0,Netherlands,0,0,1,1
821,2014,2014-06-28,Round of 16,2,Away,Chile,1,Brazil,1,0,0,0
821,2014,2014-06-28,Round of 16,2,Home,Brazil,1,Brazil,1,0,1,1
822,2014,2014-06-28,Round of 16,2,Away,Uruguay,0,,2,0,0,0
822,2014,2014-06-28,Round of 16,2,Home,Colombia,2,,0,1,0,1
823,2014,2014-06-29,Round of 16,2,Away,Mexico,1,,2,0,0,0
823,2014,2014-06-29,Round of 16,2,Home,Netherlands,2,,1,1,0,1
824,2014,2014-06-29,Round of 16,2,Away,Greece,1,Costa,1,0,0,0
824,2014,2014-06-29,Round of 16,2,Home,Costa Rica,1,Costa,1,0,0,0
825,2014,2014-06-30,Round of 16,2,Away,Nigeria,0,,2,0,0,0
825,2014,2014-06-30,Round of 16,2,Home,France,2,,0,1,0,1
826,2014,2014-06-30,Round of 16,2,Away,Algeria,1,,2,0,0,0
826,2014,2014-06-30,Round of 16,2,Home,Germany,2,,1,1,0,1
827,2014,2014-07-01,Round of 16,2,Away,Switzerland,0,,1,0,0,0
827,2014,2014-07-01,Round of 16,2,Home,Argentina,1,,0,1,0,1
828,2014,2014-07-01,Round of 16,2,Away,United States,1,,2,0,0,0
828,2014,2014-07-01,Round of 16,2,Home,Belgium,2,,1,1,0,1
773,2014,2014-06-12,Group stage,1,Away,Croatia,1,,3,0,0,0
773,2014,2014-06-12,Group stage,1,Home,Brazil,3,,1,1,0,1
774,2014,2014-06-13,Group stage,1,Away,Cameroon,0,,1,0,0,0
774,2014,2014-06-13,Group stage,1,Home,Mexico,1,,0,1,0,1
775,2014,2014-06-13,Group stage,1,Away,Netherlands,5,,1,1,0,1
775,2014,2014-06-13,Group stage,1,Home,Spain,1,,5,0,0,0
776,2014,2014-06-13,Group stage,1,Away,Australia,1,,3,0,0,0
776,2014,2014-06-13,Group stage,1,Home,Chile,3,,1,1,0,1
777,2014,2014-06-14,Group stage,1,Away,Greece,0,,3,0,0,0
777,2014,2014-06-14,Group stage,1,Home,Colombia,3,,0,1,0,1
778,2014,2014-06-14,Group stage,1,Away,Costa Rica,3,,1,1,0,1
778,2014,2014-06-14,Group stage,1,Home,Uruguay,1,,3,0,0,0
779,2014,2014-06-14,Group stage,1,Away,Italy,2,,1,1,0,1
779,2014,2014-06-14,Group stage,1,Home,England,1,,2,0,0,0
780,2014,2014-06-14,Group stage,1,Away,Japan,1,,2,0,0,0
780,2014,2014-06-14,Group stage,1,Home,Ivory Coast,2,,1,1,0,1
781,2014,2014-06-15,Group stage,1,Away,Ecuador,1,,2,0,0,0
781,2014,2014-06-15,Group stage,1,Home,Switzerland,2,,1,1,0,1
782,2014,2014-06-15,Group stage,1,Away,Honduras,0,,3,0,0,0
782,2014,2014-06-15,Group stage,1,Home,France,3,,0,1,0,1
783,2014,2014-06-15,Group stage,1,Away,Bosnia and Herzegovina,1,,2,0,0,0
783,2014,2014-06-15,Group stage,1,Home,Argentina,2,,1,1,0,1
784,2014,2014-06-16,Group stage,1,Away,Portugal,0,,4,0,0,0
784,2014,2014-06-16,Group stage,1,Home,Germany,4,,0,1,0,1
785,2014,2014-06-16,Group stage,1,Away,Nigeria,0,,0,0,0,0
785,2014,2014-06-16,Group stage,1,Home,Iran,0,,0,0,0,0
786,2014,2014-06-16,Group stage,1,Away,United States,2,,1,1,0,1
786,2014,2014-06-16,Group stage,1,Home,Ghana,1,,2,0,0,0
787,2014,2014-06-17,Group stage,1,Away,Algeria,1,,2,0,0,0
787,2014,2014-06-17,Group stage,1,Home,Belgium,2,,1,1,0,1
788,2014,2014-06-17,Group stage,1,Away,Mexico,0,,0,0,0,0
788,2014,2014-06-17,Group stage,1,Home,Brazil,0,,0,0,0,0
789,2014,2014-06-17,Group stage,1,Away,South Korea,1,,1,0,0,0
789,2014,2014-06-17,Group stage,1,Home,Russia,1,,1,0,0,0
790,2014,2014-06-18,Group stage,1,Away,Netherlands,3,,2,1,0,1
790,2014,2014-06-18,Group stage,1,Home,Australia,2,,3,0,0,0
791,2014,2014-06-18,Group stage,1,Away,Chile,2,,0,1,0,1
791,2014,2014-06-18,Group stage,1,Home,Spain,0,,2,0,0,0
792,2014,2014-06-18,Group stage,1,Away,Croatia,4,,0,1,0,1
792,2014,2014-06-18,Group stage,1,Home,Cameroon,0,,4,0,0,0
793,2014,2014-06-19,Group stage,1,Away,Ivory Coast,1,,2,0,0,0
793,2014,2014-06-19,Group stage,1,Home,Colombia,2,,1,1,0,1
794,2014,2014-06-19,Group stage,1,Away,England,1,,2,0,0,0
794,2014,2014-06-19,Group stage,1,Home,Uruguay,2,,1,1,0,1
795,2014,2014-06-19,Group stage,1,Away,Greece,0,,0,0,0,0
795,2014,2014-06-19,Group stage,1,Home,Japan,0,,0,0,0,0
796,2014,2014-06-20,Group stage,1,Away,Costa Rica,1,,0,1,0,1
796,2014,2014-06-20,Group stage,1,Home,Italy,0,,1,0,0,0
797,2014,2014-06-20,Group stage,1,Away,France,5,,2,1,0,1
797,2014,2014-06-20,Group stage,1,Home,Switzerland,2,,5,0,0,0
798,2014,2014-06-20,Group stage,1,Away,Ecuador,2,,1,1,0,1
798,2014,2014-06-20,Group stage,1,Home,Honduras,1,,2,0,0,0
799,2014,2014-06-21,Group stage,1,Away,Iran,0,,1,0,0,0
799,2014,2014-06-21,Group stage,1,Home,Argentina,1,,0,1,0,1
800,2014,2014-06-21,Group stage,1,Away,Ghana,2,,2,0,0,0
800,2014,2014-06-21,Group stage,1,Home,Germany,2,,2,0,0,0
801,2014,2014-06-21,Group stage,1,Away,Bosnia and Herzegovina,0,,1,0,0,0
801,2014,2014-06-21,Group stage,1,Home,Nigeria,1,,0,1,0,1
802,2014,2014-06-22,Group stage,1,Away,Russia,0,,1,0,0,0
802,2014,2014-06-22,Group stage,1,Home,Belgium,1,,0,1,0,1
803,2014,2014-06-22,Group stage,1,Away,Algeria,4,,2,1,0,1
803,2014,2014-06-22,Group stage,1,Home,South Korea,2,,4,0,0,0
804,2014,2014-06-22,Group stage,1,Away,Portugal,2,,2,0,0,0
804,2014,2014-06-22,Group stage,1,Home,United States,2,,2,0,0,0
805,2014,2014-06-23,Group stage,1,Away,Spain,3,,0,1,0,1
805,2014,2014-06-23,Group stage,1,Home,Australia,0,,3,0,0,0
806,2014,2014-06-23,Group stage,1,Away,Chile,0,,2,0,0,0
806,2014,2014-06-23,Group stage,1,Home,Netherlands,2,,0,1,0,1
807,2014,2014-06-23,Group stage,1,Away,Cameroon,1,,4,0,0,0
807,2014,2014-06-23,Group stage,1,Home,Brazil,4,,1,1,0,1
808,2014,2014-06-23,Group stage,1,Away,Mexico,3,,1,1,0,1
808,2014,2014-06-23,Group stage,1,Home,Croatia,1,,3,0,0,0
809,2014,2014-06-24,Group stage,1,Away,Uruguay,1,,0,1,0,1
809,2014,2014-06-24,Group stage,1,Home,Italy,0,,1,0,0,0
810,2014,2014-06-24,Group stage,1,Away,England,0,,0,0,0,0
810,2014,2014-06-24,Group stage,1,Home,Costa Rica,0,,0,0,0,0
811,2014,2014-06-24,Group stage,1,Away,Colombia,4,,1,1,0,1
811,2014,2014-06-24,Group stage,1,Home,Japan,1,,4,0,0,0
812,2014,2014-06-24,Group stage,1,Away,Ivory Coast,1,,2,0,0,0
812,2014,2014-06-24,Group stage,1,Home,Greece,2,,1,1,0,1
813,2014,2014-06-25,Group stage,1,Away,Argentina,3,,2,1,0,1
813,2014,2014-06-25,Group stage,1,Home,Nigeria,2,,3,0,0,0
814,2014,2014-06-25,Group stage,1,Away,Iran,1,,3,0,0,0
814,2014,2014-06-25,Group stage,1,Home,Bosnia and Herzegovina,3,,1,1,0,1
815,2014,2014-06-25,Group stage,1,Away,Switzerland,3,,0,1,0,1
815,2014,2014-06-25,Group stage,1,Home,Honduras,0,,3,0,0,0
816,2014,2014-06-25,Group stage,1,Away,France,0,,0,0,0,0
816,2014,2014-06-25,Group stage,1,Home,Ecuador,0,,0,0,0,0
817,2014,2014-06-26,Group stage,1,Away,Germany,1,,0,1,0,1
817,2014,2014-06-26,Group stage,1,Home,United States,0,,1,0,0,0
818,2014,2014-06-26,Group stage,1,Away,Ghana,1,,2,0,0,0
818,2014,2014-06-26,Group stage,1,Home,Portugal,2,,1,1,0,1
819,2014,2014-06-26,Group stage,1,Away,Belgium,1,,0,1,0,1
819,2014,2014-06-26,Group stage,1,Home,South Korea,0,,1,0,0,0
820,2014,2014-06-26,Group stage,1,Away,Russia,1,,1,0,0,0
820,2014,2014-06-26,Group stage,1,Home,Algeria,1,,1,0,0,0
900,2018,2018-07-15,Final,6,Away,Croatia,2,,4,0,0,0
900,2018,2018-07-15,Final,6,Home,France,4,,2,1,0,1
899,2018,2018-07-14,Third place,5,Away,England,0,,2,0,0,0
899,2018,2018-07-14,Third place,5,Home,Belgium,2,,0,1,0,1
897,2018,2018-07-10,Semi-finals,4,Away,Belgium,0,,1,0,0,0
897,2018,2018-07-10,Semi-finals,4,Home,France,1,,0,1,0,1
898,2018,2018-07-11,Semi-finals,4,Away,England,1,,2,0,0,0
898,2018,2018-07-11,Semi-finals,4,Home,Croatia,2,,1,1,0,1
893,2018,2018-07-06,Quarter-finals,3,Away,France,2,,0,1,0,1
893,2018,2018-07-06,Quarter-finals,3,Home,Uruguay,0,,2,0,0,0
894,2018,2018-07-06,Quarter-finals,3,Away,Belgium,2,,1,1,0,1
894,2018,2018-07-06,Quarter-finals,3,Home,Brazil,1,,2,0,0,0
895,2018,2018-07-07,Quarter-finals,3,Away,England,2,,0,1,0,1
895,2018,2018-07-07,Quarter-finals,3,Home,Sweden,0,,2,0,0,0
896,2018,2018-07-07,Quarter-finals,3,Away,Croatia,2,Croatia,2,0,1,1
896,2018,2018-07-07,Quarter-finals,3,Home,Russia,2,Croatia,2,0,0,0
885,2018,2018-06-30,Round of 16,2,Away,Argentina,3,,4,0,0,0
885,2018,2018-06-30,Round of 16,2,Home,France,4,,3,1,0,1
886,2018,2018-06-30,Round of 16,2,Away,Portugal,1,,2,0,0,0
886,2018,2018-06-30,Round of 16,2,Home,Uruguay,2,,1,1,0,1
887,2018,2018-07-01,Round of 16,2,Away,Spain,1,Russia,1,0,0,0
887,2018,2018-07-01,Round of 16,2,Home,Russia,1,Russia,1,0,1,1
888,2018,2018-07-01,Round of 16,2,Away,Denmark,1,Croatia,1,0,0,0
888,2018,2018-07-01,Round of 16,2,Home,Croatia,1,Croatia,1,0,1,1
889,2018,2018-07-02,Round of 16,2,Away,Mexico,0,,2,0,0,0
889,2018,2018-07-02,Round of 16,2,Home,Brazil,2,,0,1,0,1
890,2018,2018-07-02,Round of 16,2,Away,Japan,2,,3,0,0,0
890,2018,2018-07-02,Round of 16,2,Home,Belgium,3,,2,1,0,1
891,2018,2018-07-03,Round of 16,2,Away,Switzerland,0,,1,0,0,0
891,2018,2018-07-03,Round of 16,2,Home,Sweden,1,,0,1,0,1
892,2018,2018-07-03,Round of 16,2,Away,England,1,England,1,0,1,1
892,2018,2018-07-03,Round of 16,2,Home,Colombia,1,England,1,0,0,0
837,2018,2018-06-14,Group stage,1,Away,Saudi Arabia,0,,5,0,0,0
837,2018,2018-06-14,Group stage,1,Home,Russia,5,,0,1,0,1
838,2018,2018-06-15,Group stage,1,Away,Uruguay,1,,0,1,0,1
838,2018,2018-06-15,Group stage,1,Home,Egypt,0,,1,0,0,0
839,2018,2018-06-15,Group stage,1,Away,Iran,1,,0,1,0,1
839,2018,2018-06-15,Group stage,1,Home,Morocco,0,,1,0,0,0
840,2018,2018-06-15,Group stage,1,Away,Spain,3,,3,0,0,0
840,2018,2018-06-15,Group stage,1,Home,Portugal,3,,3,0,0,0
841,2018,2018-06-16,Group stage,1,Away,Australia,1,,2,0,0,0
841,2018,2018-06-16,Group stage,1,Home,France,2,,1,1,0,1
842,2018,2018-06-16,Group stage,1,Away,Iceland,1,,1,0,0,0
842,2018,2018-06-16,Group stage,1,Home,Argentina,1,,1,0,0,0
843,2018,2018-06-16,Group stage,1,Away,Denmark,1,,0,1,0,1
843,2018,2018-06-16,Group stage,1,Home,Peru,0,,1,0,0,0
844,2018,2018-06-16,Group stage,1,Away,Nigeria,0,,2,0,0,0
844,2018,2018-06-16,Group stage,1,Home,Croatia,2,,0,1,0,1
845,2018,2018-06-17,Group stage,1,Away,Serbia,1,,0,1,0,1
845,2018,2018-06-17,Group stage,1,Home,Costa Rica,0,,1,0,0,0
846,2018,2018-06-17,Group stage,1,Away,Mexico,1,,0,1,0,1
846,2018,2018-06-17,Group stage,1,Home,Germany,0,,1,0,0,0
847,2018,2018-06-17,Group stage,1,Away,Switzerland,1,,1,0,0,0
847,2018,2018-06-17,Group stage,1,Home,Brazil,1,,1,0,0,0
848,2018,2018-06-18,Group stage,1,Away,South Korea,0,,1,0,0,0
848,2018,2018-06-18,Group stage,1,Home,Sweden,1,,0,1,0,1
849,2018,2018-06-18,Group stage,1,Away,Panama,0,,3,0,0,0
849,2018,2018-06-18,Group stage,1,Home,Belgium,3,,0,1,0,1
850,2018,2018-06-18,Group stage,1,Away,England,2,,1,1,0,1
850,2018,2018-06-18,Group stage,1,Home,Tunisia,1,,2,0,0,0
851,2018,2018-06-19,Group stage,1,Away,Japan,2,,1,1,0,1
851,2018,2018-06-19,Group stage,1,Home,Colombia,1,,2,0,0,0
852,2018,2018-06-19,Group stage,1,Away,Senegal,2,,1,1,0,1
852,2018,2018-06-19,Group stage,1,Home,Poland,1,,2,0,0,0
853,2018,2018-06-19,Group stage,1,Away,Egypt,1,,3,0,0,0
853,2018,2018-06-19,Group stage,1,Home,Russia,3,,1,1,0,1
854,2018,2018-06-20,Group stage,1,Away,Morocco,0,,1,0,0,0
854,2018,2018-06-20,Group stage,1,Home,Portugal,1,,0,1,0,1
855,2018,2018-06-20,Group stage,1,Away,Saudi Arabia,0,,1,0,0,0
855,2018,2018-06-20,Group stage,1,Home,Uruguay,1,,0,1,0,1
856,2018,2018-06-20,Group stage,1,Away,Spain,1,,0,1,0,1
856,2018,2018-06-20,Group stage,1,Home,Iran,0,,1,0,0,0
857,2018,2018-06-21,Group stage,1,Away,Australia,1,,1,0,0,0
857,2018,2018-06-21,Group stage,1,Home,Denmark,1,,1,0,0,0
858,2018,2018-06-21,Group stage,1,Away,Peru,0,,1,0,0,0
858,2018,2018-06-21,Group stage,1,Home,France,1,,0,1,0,1
859,2018,2018-06-21,Group stage,1,Away,Croatia,3,,0,1,0,1
859,2018,2018-06-21,Group stage,1,Home,Argentina,0,,3,0,0,0
860,2018,2018-06-22,Group stage,1,Away,Costa Rica,0,,2,0,0,0
860,2018,2018-06-22,Group stage,1,Home,Brazil,2,,0,1,0,1
861,2018,2018-06-22,Group stage,1,Away,Iceland,0,,2,0,0,0
861,2018,2018-06-22,Group stage,1,Home,Nigeria,2,,0,1,0,1
862,2018,2018-06-22,Group stage,1,Away,Switzerland,2,,1,1,0,1
862,2018,2018-06-22,Group stage,1,Home,Serbia,1,,2,0,0,0
863,2018,2018-06-23,Group stage,1,Away,Tunisia,2,,5,0,0,0
863,2018,2018-06-23,Group stage,1,Home,Belgium,5,,2,1,0,1
864,2018,2018-06-23,Group stage,1,Away,Mexico,2,,1,1,0,1
864,2018,2018-06-23,Group stage,1,Home,South Korea,1,,2,0,0,0
865,2018,2018-06-23,Group stage,1,Away,Sweden,1,,2,0,0,0
865,2018,2018-06-23,Group stage,1,Home,Germany,2,,1,1,0,1
866,2018,2018-06-24,Group stage,1,Away,Panama,1,,6,0,0,0
866,2018,2018-06-24,Group stage,1,Home,England,6,,1,1,0,1
867,2018,2018-06-24,Group stage,1,Away,Senegal,2,,2,0,0,0
867,2018,2018-06-24,Group stage,1,Home,Japan,2,,2,0,0,0
868,2018,2018-06-24,Group stage,1,Away,Colombia,3,,0,1,0,1
868,2018,2018-06-24,Group stage,1,Home,Poland,0,,3,0,0,0
869,2018,2018-06-25,Group stage,1,Away,Uruguay,3,,0,1,0,1
869,2018,2018-06-25,Group stage,1,Home,Russia,0,,3,0,0,0
870,2018,2018-06-25,Group stage,1,Away,Egypt,1,,2,0,0,0
870,2018,2018-06-25,Group stage,1,Home,Saudi Arabia,2,,1,1,0,1
871,2018,2018-06-25,Group stage,1,Away,Morocco,2,,2,0,0,0
871,2018,2018-06-25,Group stage,1,Home,Spain,2,,2,0,0,0
872,2018,2018-06-25,Group stage,1,Away,Portugal,1,,1,0,0,0
872,2018,2018-06-25,Group stage,1,Home,Iran,1,,1,0,0,0
873,2018,2018-06-26,Group stage,1,Away,Peru,2,,0,1,0,1
873,2018,2018-06-26,Group stage,1,Home,Australia,0,,2,0,0,0
874,2018,2018-06-26,Group stage,1,Away,France,0,,0,0,0,0
874,2018,2018-06-26,Group stage,1,Home,Denmark,0,,0,0,0,0
875,2018,2018-06-26,Group stage,1,Away,Argentina,2,,1,1,0,1
875,2018,2018-06-26,Group stage,1,Home,Nigeria,1,,2,0,0,0
876,2018,2018-06-26,Group stage,1,Away,Croatia,2,,1,1,0,1
876,2018,2018-06-26,Group stage,1,Home,Iceland,1,,2,0,0,0
877,2018,2018-06-27,Group stage,1,Away,Germany,0,,2,0,0,0
877,2018,2018-06-27,Group stage,1,Home,South Korea,2,,0,1,0,1
878,2018,2018-06-27,Group stage,1,Away,Sweden,3,,0,1,0,1
878,2018,2018-06-27,Group stage,1,Home,Mexico,0,,3,0,0,0
879,2018,2018-06-27,Group stage,1,Away,Brazil,2,,0,1,0,1
879,2018,2018-06-27,Group stage,1,Home,Serbia,0,,2,0,0,0
880,2018,2018-06-27,Group stage,1,Away,Costa Rica,2,,2,0,0,0
880,2018,2018-06-27,Group stage,1,Home,Switzerland,2,,2,0,0,0
881,2018,2018-06-28,Group stage,1,Away,Poland,1,,0,1,0,1
881,2018,2018-06-28,Group stage,1,Home,Japan,0,,1,0,0,0
882,2018,2018-06-28,Group stage,1,Away,Colombia,1,,0,1,0,1
882,2018,2018-06-28,Group stage,1,Home,Senegal,0,,1,0,0,0
883,2018,2018-06-28,Group stage,1,Away,Tunisia,2,,1,1,0,1
883,2018,2018-06-28,Group stage,1,Home,Panama,1,,2,0,0,0
884,2018,2018-06-28,Group stage,1,Away,Belgium,1,,0,1,0,1
884,2018,2018-06-28,Group stage,1,Home,England,0,,1,0,0,0
